gov_stats_code,gov_stats_name,organization,department,stats_type,cycle,data_list_status,has_file,has_db,org_info,org_info_link
00000001,民間企業退職金実態調査,内閣官房,内閣人事局退職手当第２係,-,１回限り,登録あり,〇,-,作成機関情報,https://www.e-stat.go.jp/statistics/00000001
00000002,一般職国家公務員在職状況統計表（人事統計報告）,内閣官房,内閣人事局調査係,業務統計,年,登録あり,〇,-,作成機関情報,https://www.e-stat.go.jp/statistics/00000002
00000003,国家公務員退職手当実態調査,内閣官房,内閣人事局退職手当第２係,業務統計,年,登録あり,〇,-,作成機関情報,https://www.e-stat.go.jp/statistics/00000003
00020111,民間企業の勤務条件制度等調査,人事院,職員福祉局職員福祉課,一般統計,年,登録あり,〇,○,作成機関情報,https://www.e-stat.go.jp/statistics/00020111
00020112,国家公務員死因調査,人事院,職員福祉局職員福祉課,業務統計,３年,登録あり,〇,○,作成機関情報,https://www.e-stat.go.jp/statistics/00020112
00020131,国家公務員災害補償統計,人事院,職員福祉局補償課,業務統計,年,登録あり,〇,○,作成機関情報,https://www.e-stat.go.jp/statistics/00020131
00020151,退職公務員生活状況調査,人事院,給与局生涯設計課,一般統計,不定期,登録あり,〇,○,作成機関情報,https://www.e-stat.go.jp/statistics/00020151
00020211,一般職の国家公務員の任用状況調査,人事院,人材局企画課,業務統計,年,登録あり,〇,○,作成機関情報,https://www.e-stat.go.jp/statistics/00020211
00020311,職種別民間給与実態調査,人事院,給与局給与第一課,一般統計,年,登録あり,〇,-,作成機関情報,https://www.e-stat.go.jp/statistics/00020311
00020312,国家公務員給与等実態調査,人事院,給与局給与第一課,業務統計,年,登録あり,〇,-,作成機関情報,https://www.e-stat.go.jp/statistics/00020312
00020321,民間企業における役員報酬（給与）調査,人事院,給与局給与第二課,一般統計,年,登録あり,〇,-,作成機関情報,https://www.e-stat.go.jp/statistics/00020321
00000004,人々のつながりに関する基礎調査,内閣府,孤独・孤立対策推進室,一般統計,１年,登録あり,〇,-,作成機関情報,https://www.e-stat.go.jp/statistics/00000004
00100001,景気ウォッチャー調査,内閣府,,一般統計,月,登録あり,〇,○,作成機関情報,https://www.e-stat.go.jp/statistics/00100001
00100002,「絆」と社会サービスに関する調査,内閣府,,一般統計,,登録あり,〇,-,作成機関情報,https://www.e-stat.go.jp/statistics/00100002
00100003,特定非営利活動法人及び市民の社会貢献に関する実態調査,内閣府,,一般統計,１回限り,登録あり,〇,-,作成機関情報,https://www.e-stat.go.jp/statistics/00100003
00100004,市民の社会貢献に関する実態調査,内閣府,,一般統計,３年,登録あり,〇,-,作成機関情報,https://www.e-stat.go.jp/statistics/00100004
00100005,特定非営利活動法人に関する実態調査,内閣府,,一般統計,３年,登録あり,〇,-,作成機関情報,https://www.e-stat.go.jp/statistics/00100005
00100106,高齢者の生活と意識に関する国際比較調査,内閣府,,一般統計,５年,登録あり,〇,-,作成機関情報,https://www.e-stat.go.jp/statistics/00100106
00100108,高齢者の経済・生活環境に関する調査,内閣府,,一般統計,１回限り,登録あり,〇,-,作成機関情報,https://www.e-stat.go.jp/statistics/00100108
00100111,高齢者の健康に関する調査,内閣府,,一般統計,１回限り,登録あり,〇,-,作成機関情報,https://www.e-stat.go.jp/statistics/00100111
00100113,高齢社会対策総合調査（高齢者の住宅と生活環境に関する調査）,内閣府,,一般統計,５年,登録あり,〇,-,作成機関情報,https://www.e-stat.go.jp/statistics/00100113
00100116,高齢社会対策総合調査（高齢者の経済生活に関する調査）,内閣府,,一般統計,５年,登録あり,〇,-,作成機関情報,https://www.e-stat.go.jp/statistics/00100116
00100119,高齢者の日常生活・地域社会への参加に関する調査,内閣府,,一般統計,１回限り,登録あり,〇,-,作成機関情報,https://www.e-stat.go.jp/statistics/00100119
00100201,男女間における暴力に関する調査,内閣府,男女共同参画局男女間暴力対策課,一般統計,３年,登録あり,〇,-,作成機関情報,https://www.e-stat.go.jp/statistics/00100201
00100202,企業のワーク・ライフ・バランスに関する調査,内閣府,男女共同参画局推進課,一般統計,一回限り,登録あり,〇,○,作成機関情報,https://www.e-stat.go.jp/statistics/00100202
00100301,東日本大震災における地震・津波時の避難に関する実態調査,内閣府,,一般統計,,登録あり,〇,-,作成機関情報,https://www.e-stat.go.jp/statistics/00100301
00100304,企業の事業継続及び防災の取組に関する実態調査,内閣府,,一般統計,2年,登録あり,〇,-,作成機関情報,https://www.e-stat.go.jp/statistics/00100304
00100305,緊急地震速報受信装置等に関するアンケート調査,内閣府,,業務統計,1回のみ,-,-,-,-,
00100306,首都圏の住宅における感震ブレーカーの普及状況等に関する調査,内閣府,,一般統計,５年,登録あり,〇,-,作成機関情報,https://www.e-stat.go.jp/statistics/00100306
00100307,カムチャツカ半島付近の地震に伴う津波に関する住民調査,内閣府,,一般統計,一回限り,登録あり,〇,-,作成機関情報,https://www.e-stat.go.jp/statistics/00100307
00100308,青森県東方沖を震源とする地震に関する住民調査,内閣府,,一般統計,一回限り,登録あり,〇,-,作成機関情報,https://www.e-stat.go.jp/statistics/00100308
00100401,機械受注統計調査,内閣府,経済社会総合研究所景気統計部,一般統計,月、四半期,登録あり,〇,○,作成機関情報,https://www.e-stat.go.jp/statistics/00100401
00100402,企業行動に関するアンケート調査,内閣府,経済社会総合研究所景気統計部,一般統計,年,登録あり,〇,○,作成機関情報,https://www.e-stat.go.jp/statistics/00100402
00100403,法人企業動向調査,内閣府,経済社会総合研究所景気統計部,その他,四半期,登録あり,〇,-,作成機関情報,https://www.e-stat.go.jp/statistics/00100403
00100404,法人企業景気予測調査,内閣府,経済社会総合研究所景気統計部,一般統計,四半期,-,-,-,-,
00100405,消費動向調査,内閣府,経済社会総合研究所景気統計部,一般統計,月,登録あり,〇,-,作成機関情報,https://www.e-stat.go.jp/statistics/00100405
00100406,景気動向指数,内閣府,経済社会総合研究所景気統計部,加工統計,月,登録あり,〇,○,作成機関情報,https://www.e-stat.go.jp/statistics/00100406
00100407,民間非営利団体実態調査,内閣府,,一般統計,年,登録あり,〇,○,作成機関情報,https://www.e-stat.go.jp/statistics/00100407
00100408,地方公共団体消費状況等調査,内閣府,,一般統計,四半期,登録あり,〇,○,作成機関情報,https://www.e-stat.go.jp/statistics/00100408
00100409,国民経済計算,内閣府,,基幹統計,年、四半期,登録あり,〇,○,作成機関情報,https://www.e-stat.go.jp/statistics/00100409
00100410,民間企業投資・除却調査,内閣府,,一般統計,年,登録あり,〇,○,作成機関情報,https://www.e-stat.go.jp/statistics/00100410
00100411,産業連関構造調査（地方公共団体投入調査）,内閣府,,一般統計,５年,登録あり,〇,-,作成機関情報,https://www.e-stat.go.jp/statistics/00100411
00100412,組織マネジメントに関する調査（JP-MOPS）,内閣府,経済社会総合研究所研究官室,一般統計,１回限り,登録あり,〇,-,作成機関情報,https://www.e-stat.go.jp/statistics/00100412
00100501,公益法人の寄附金収入に関する実態調査,内閣府,公益法人行政担当室,一般統計,１回限り,登録あり,〇,-,作成機関情報,https://www.e-stat.go.jp/statistics/00100501
00100502,SDGｓに関する全国アンケート調査,内閣府,地方創生推進室,一般統計,年,登録あり,〇,-,作成機関情報,https://www.e-stat.go.jp/statistics/00100502
00100503,公益法人の概況及び公益認定等委員会の活動報告,内閣府,公益法人行政担当室,業務統計,年,登録あり,〇,-,作成機関情報,https://www.e-stat.go.jp/statistics/00100503
00100504,特定歴史公文書等の保存及び利用の状況,内閣府,大臣官房公文書管理課,業務統計,年,-,-,-,-,
00100505,行政文書の管理の状況,内閣府,大臣官房公文書管理課,業務統計,年,-,-,-,-,
00100506,法人文書の管理の状況,内閣府,大臣官房公文書管理課,業務統計,年,-,-,-,-,
00120001,生産・出荷集中度調査,,,業務統計,隔年,登録あり,〇,○,作成機関情報,https://www.e-stat.go.jp/statistics/00120001
00130001,犯罪統計,警察庁,刑事局捜査支援分析管理官,業務統計,月、年,登録あり,〇,○,作成機関情報,https://www.e-stat.go.jp/statistics/00130001
00130002,道路の交通に関する統計,警察庁,交通局交通企画課,業務統計,月、年、半年,登録あり,〇,○,作成機関情報,https://www.e-stat.go.jp/statistics/00130002
00160001,消費者団体名簿,消費者庁,,業務統計,不定期,-,-,-,-,
00160003,地方消費者行政の現況調査,消費者庁,地方協力課,業務統計,年,登録あり,〇,-,作成機関情報,https://www.e-stat.go.jp/statistics/00160003
00160011,民間事業者等における内部通報制度の実態調査,消費者庁,参事官（公益通報・協働担当）,一般統計,2年,登録あり,〇,-,作成機関情報,https://www.e-stat.go.jp/statistics/00160011
00100101,情報化社会と青少年に関する調査,,,その他,５年,登録あり,〇,○,作成機関情報,https://www.e-stat.go.jp/statistics/00100101
00100102,青少年の生活と意識に関する基本調査,,,その他,,登録あり,〇,○,作成機関情報,https://www.e-stat.go.jp/statistics/00100102
00100103,低年齢少年の価値観等に関する調査,,,その他,,登録あり,〇,○,作成機関情報,https://www.e-stat.go.jp/statistics/00100103
00100104,非行原因に関する総合的研究調査,,,その他,,登録あり,〇,○,作成機関情報,https://www.e-stat.go.jp/statistics/00100104
00100105,青少年のインターネット利用環境実態調査,,,一般統計,年,登録あり,〇,○,作成機関情報,https://www.e-stat.go.jp/statistics/00100105
00100107,若者の生活に関する調査,,,一般統計,１回限り,登録あり,〇,○,作成機関情報,https://www.e-stat.go.jp/statistics/00100107
00100109,低年齢層の子供のインターネット利用環境実態調査,,,一般統計,１回限り,登録あり,〇,○,作成機関情報,https://www.e-stat.go.jp/statistics/00100109
00100110,幼稚園・保育所・認定こども園等の経営実態調査,,,一般統計,未定,登録あり,〇,-,作成機関情報,https://www.e-stat.go.jp/statistics/00100110
00100112,児童手当事業年報,,,業務統計,年,登録あり,〇,-,作成機関情報,https://www.e-stat.go.jp/statistics/00100112
00100114,生活状況に関する調査非行・被害等に関する総合的研究調,,,一般統計,１回限り,登録あり,〇,-,作成機関情報,https://www.e-stat.go.jp/statistics/00100114
00100115,査,,,その他,10年,-,-,-,-,
00100117,子供の生活状況調査,,,一般統計,１回限り,登録あり,〇,-,作成機関情報,https://www.e-stat.go.jp/statistics/00100117
00100118,教育・保育施設等における事故報告集計,,,業務統計,年,-,-,-,-,
00100120,こども・若者の意識と生活に関する調査,,,一般統計,３年,登録あり,〇,-,作成機関情報,https://www.e-stat.go.jp/statistics/00100120
00170100,こどもの福祉と保健に関する状況報告,,長官官房参事官（総合政策担当）,一般統計,年,登録あり,〇,-,作成機関情報,https://www.e-stat.go.jp/statistics/00170100
00450047,地域児童福祉事業等調査,,,一般統計,年,登録あり,〇,-,作成機関情報,https://www.e-stat.go.jp/statistics/00450047
00450270,次世代育成支援対策推進法に基づく特定事業主行動計画の策定状況の調査,こども家庭,長官官房 少子化対策室,業務統計,年,登録あり,〇,-,作成機関情報,
00450271,乳幼児栄養調査,,,一般統計,10年,登録あり,〇,-,作成機関情報,https://www.e-stat.go.jp/statistics/00450271
00450272,乳幼児身体発育調査,,,一般統計,10年,登録あり,〇,-,作成機関情報,https://www.e-stat.go.jp/statistics/00450272
00450273,児童養護施設入所児童等調査,,,一般統計,５年,登録あり,〇,-,作成機関情報,https://www.e-stat.go.jp/statistics/00450273
00450274,全国家庭児童調査,,,一般統計,５年,登録あり,〇,-,作成機関情報,https://www.e-stat.go.jp/statistics/00450274
00450275,全国ひとり親世帯等調査,,,一般統計,５年,登録あり,〇,-,作成機関情報,https://www.e-stat.go.jp/statistics/00450275
00450276,幼稚園・保育所等の経営実態調査,,,一般統計,１回限り,-,-,-,-,
00450277,子どもを守る地域ネットワーク等調査,,,一般統計,５年,登録あり,〇,-,作成機関情報,https://www.e-stat.go.jp/statistics/00450277
00450278,認可外保育施設の現況取りまとめ,,,業務統計,年,登録あり,〇,-,作成機関情報,https://www.e-stat.go.jp/statistics/00200217
00450279,次世代育成支援対策推進法に基づく市町村行動計画等に関する策定状況等の調査,庁,長官官房少子化対策室,業務統計,年,,,-,作成機関情報,https://www.e-stat.go.jp/statistics/00450279
00450650,児童相談所における児童虐待相談対応件数（速報値）,,,業務統計,年,-,-,-,-,
00450651,子ども虐待による死亡事例等の検証結果,,,業務統計,年,-,-,-,-,
00450652,市区町村の児童家庭相談業務の実施状況等の調査結果,,,業務統計,年,-,-,-,-,
00450653,母子家庭の母及び父子家庭の父の自立支援施策の実施状況について,,,業務統計,１年,-,-,-,-,
00450671,放課後児童健全育成事業（放課後児童クラブ）の実施状況,,,業務統計,年,-,-,-,-,
00450672,児童福祉行政指導監査等の実施状況報告,,,業務統計,年,-,-,-,-,
00450681,保育所等関連状況取りまとめ,,,業務統計,年,-,-,-,-,
00450682,10月時点の保育所等の待機児童数の状況について,,,業務統計,年,-,-,-,-,
00450691,乳幼児等に係る医療費の援助についての調査結果,,,業務統計,年,-,-,-,-,
00450693,妊婦健康診査の公費負担の状況にかかる調査結果,,成育局母子保健課,業務統計,１年,-,-,-,-,
00190001,中小規模事業者における個人情報等の安全管理措置に関する実態調査,,事務局監視・監督室,一般統計,年,登録あり,〇,-,作成機関情報,https://www.e-stat.go.jp/statistics/00190001
00190002,改正個人情報保護法に関する施行状況等調査,,個人情報保護制度担当室,一般統計,年,-,-,-,-,
00200051,恩給統計,総務省,,業務統計,年,登録あり,〇,-,作成機関情報,https://www.e-stat.go.jp/statistics/00200051
00200052,都道府県知事裁定恩給に関する統計,総務省,,業務統計,年,登録あり,〇,-,作成機関情報,https://www.e-stat.go.jp/statistics/00200052
00200101,行政手続法の施行状況に関する調査,総務省,行政管理局調査法制課,業務統計,不定期,-,-,-,-,
00200102,行政不服審査法等の施行状況に関する調査,総務省,行政管理局調査法制課,業務統計,不定期,-,-,-,-,
00200111,行政機関等情報公開法施行状況調査行政機関等個人情報保護法施行状況,総務省,行政管理局調査法制課,業務統計,年,-,-,-,-,
00200123,調査,総務省,個人情報保護委員会,業務統計,年,-,-,-,-,
00200201,行政投資実績＜都道府県別行政投資実績報告書＞,総務省,自治行政局地域振興室,業務統計,年,登録あり,〇,-,作成機関情報,https://www.e-stat.go.jp/statistics/00200201
00200211,地方公務員給与実態調査,総務省,,基幹統計,５年,登録あり,〇,○,作成機関情報,https://www.e-stat.go.jp/statistics/00200211
00200212,地方公務員給与実態調査（補充調査）,総務省,,業務統計,年,登録あり,〇,-,作成機関情報,https://www.e-stat.go.jp/statistics/00200212
00200213,地方公共団体の勤務条件等に関する調査,総務省,自治行政局公務員部公務員課,業務統計,１年,登録あり,〇,-,作成機関情報,https://www.e-stat.go.jp/statistics/00200213
00200214,地方公務員の臨時・非常勤職員に関する調査,総務省,自治行政局公務員部公務員課,業務統計,４年,登録あり,〇,-,作成機関情報,https://www.e-stat.go.jp/statistics/00200214
00200215,地方公務員の分限処分者数、懲戒処分者数及び刑事処分者数に関する調,総務省,自治行政局公務員部公務員課,業務統計,１年,登録あり,〇,-,作成機関情報,https://www.e-stat.go.jp/statistics/00200215
00200216,地方公共団体定員管理調査,総務省,,業務統計,１年,登録あり,〇,-,作成機関情報,https://www.e-stat.go.jp/statistics/00200216
00200217,地方公共団体における退職管理に関する取組状況の調査,総務省,,業務統計,不定期,登録あり,〇,-,作成機関情報,https://www.e-stat.go.jp/statistics/00100503
00200218,地方公共団体におけるテレワークに関する取組状況の調査,総務省,,業務統計,年,登録あり,〇,-,作成機関情報,https://www.e-stat.go.jp/statistics/00200218
00200219,地方公共団体における障害者雇用に関する取組状況調査,総務省,性活躍・人材活用推進室 厚生労働省職,業務統計,２年,登録あり,〇,-,作成機関情報,https://www.e-stat.go.jp/statistics/00200219
00200221,地方公務員共済組合等事業年報,総務省,自治行政局公務員部福利課,業務統計,年,登録あり,〇,-,作成機関情報,https://www.e-stat.go.jp/statistics/00200221
00200231,地方公共団体の議会の議員及び長の所属党派別人員調,総務省,自治行政局選挙部管理課,業務統計,１年,登録あり,〇,-,作成機関情報,https://www.e-stat.go.jp/statistics/00200231
00200232,選挙人名簿及び在外選挙人名簿登録者数,総務省,自治行政局選挙部管理課,業務統計,１年,登録あり,〇,-,作成機関情報,https://www.e-stat.go.jp/statistics/00200232
00200233,地方公共団体の議会の議員及び長の任期満了に関する調,総務省,自治行政局選挙部管理課,業務統計,１年,登録あり,〇,-,作成機関情報,https://www.e-stat.go.jp/statistics/00200233
00200234,地方選挙結果調,総務省,自治行政局選挙部管理課,業務統計,４年,登録あり,〇,-,作成機関情報,https://www.e-stat.go.jp/statistics/00200234
00200235,衆議院議員総選挙 最高裁判所裁判官国民審査結果調,総務省,自治行政局選挙部管理課,業務統計,不定期,登録あり,〇,-,作成機関情報,https://www.e-stat.go.jp/statistics/00200235
00200236,参議院議員通常選挙結果調,総務省,自治行政局選挙部管理課,業務統計,３年,登録あり,〇,-,作成機関情報,https://www.e-stat.go.jp/statistics/00200236
00200241,住民基本台帳に基づく人口、人口動態及び世帯数調査,総務省,自治行政局住民制度課,業務統計,年,登録あり,〇,-,作成機関情報,https://www.e-stat.go.jp/statistics/00200241
00200251,地方財政状況調査,総務省,自治財政局財務調査課,業務統計,年,登録あり,〇,○,作成機関情報,https://www.e-stat.go.jp/statistics/00200251
00200252,公共施設状況調査,総務省,自治財政局財務調査課,業務統計,年,登録あり,〇,-,作成機関情報,https://www.e-stat.go.jp/statistics/00200252
00200253,統一的な基準による財務書類から得られる情報に関する調査,総務省,自治財政局財務調査課,業務統計,１年,登録あり,〇,-,作成機関情報,https://www.e-stat.go.jp/statistics/00200253
00200261,地方公共団体における人事評価結果の活用状況等調査,総務省,,業務統計,１年,登録あり,〇,-,作成機関情報,https://www.e-stat.go.jp/statistics/00200261
00200351,通信・放送産業動態調査,総務省,,一般統計,四半期,登録あり,〇,○,作成機関情報,https://www.e-stat.go.jp/statistics/00200351
00200352,放送番組制作業実態調査,総務省,,一般統計,年,登録あり,〇,-,作成機関情報,https://www.e-stat.go.jp/statistics/00200352
00200353,通信・放送産業基本調査,総務省,,一般統計,年,登録あり,〇,-,作成機関情報,https://www.e-stat.go.jp/statistics/00200353
00200354,通信産業実態調査（経営体財務調査）,総務省,,その他,半年,登録あり,〇,-,作成機関情報,https://www.e-stat.go.jp/statistics/00200354
00200355,通信産業実態調査（設備投資調査）,総務省,,その他,年,登録あり,〇,-,作成機関情報,https://www.e-stat.go.jp/statistics/00200355
00200356,通信利用動向調査,総務省,,一般統計,年,登録あり,〇,○,作成機関情報,https://www.e-stat.go.jp/statistics/00200356
00200357,情報通信業基本調査,総務省,,一般統計,年,登録あり,〇,○,作成機関情報,https://www.e-stat.go.jp/statistics/00200357
00200453,キャッシュレス決済に関する調査,総務省,,その他,一回限り,登録あり,〇,-,作成機関情報,https://www.e-stat.go.jp/statistics/00200453
00200501,産業連関構造調査（通信・放送業等投入調査）,総務省,統計局統計調査部調査企画課,一般統計,５年,登録あり,〇,-,作成機関情報,https://www.e-stat.go.jp/statistics/00200501
00200502,社会・人口統計体系,総務省,統計局統計情報利用推進課,加工統計,年,登録あり,〇,○,作成機関情報,https://www.e-stat.go.jp/statistics/00200502
00200511,地域メッシュ統計,総務省,,加工統計,５年,-,-,-,-,
00200521,国勢調査,総務省,統計局統計調査部国勢統計課,基幹統計,５年,登録あり,〇,○,作成機関情報,https://www.e-stat.go.jp/statistics/00200521
00200522,住宅・土地統計調査,総務省,統計局統計調査部国勢統計課,基幹統計,５年,登録あり,〇,○,作成機関情報,https://www.e-stat.go.jp/statistics/00200522
00200523,住民基本台帳人口移動報告,総務省,統計局統計調査部国勢統計課,業務統計,月,登録あり,〇,○,作成機関情報,https://www.e-stat.go.jp/statistics/00200523
00200524,人口推計,総務省,統計局統計調査部国勢統計課,基幹統計,月、年,登録あり,〇,○,作成機関情報,https://www.e-stat.go.jp/statistics/00200524
00200531,労働力調査,総務省,,基幹統計,月,登録あり,〇,○,作成機関情報,https://www.e-stat.go.jp/statistics/00200531
00200532,就業構造基本調査,総務省,,基幹統計,５年,登録あり,〇,○,作成機関情報,https://www.e-stat.go.jp/statistics/00200532
00200533,社会生活基本調査,総務省,,基幹統計,５年,登録あり,〇,○,作成機関情報,https://www.e-stat.go.jp/statistics/00200533
00200534,就業希望状況調査,総務省,,その他,不定期,登録あり,〇,-,作成機関情報,https://www.e-stat.go.jp/statistics/00200534
00200541,個人企業経済調査,総務省,統計局統計調査部経済統計課,基幹統計,年,登録あり,〇,○,作成機関情報,https://www.e-stat.go.jp/statistics/00200541
00200542,個人企業営業状況調査,総務省,統計局統計調査部経済統計課,その他,年,登録あり,〇,-,作成機関情報,https://www.e-stat.go.jp/statistics/00200542
00200543,科学技術研究調査,総務省,統計局統計調査部経済統計課,基幹統計,年,登録あり,〇,○,作成機関情報,https://www.e-stat.go.jp/statistics/00200543
00200544,サービス産業動向調査,総務省,統計局統計調査部経済統計課,一般統計,月,登録あり,〇,○,作成機関情報,https://www.e-stat.go.jp/statistics/00200544
00200545,サービス業基本調査,総務省,統計局統計調査部経済統計課,その他,５年,登録あり,〇,○,作成機関情報,https://www.e-stat.go.jp/statistics/00200545
00200546,サービス産業動態統計調査,総務省,統計局統計調査部経済統計課,基幹統計,月,登録あり,〇,○,作成機関情報,https://www.e-stat.go.jp/statistics/00200546
00200551,事業所・企業統計調査,総務省,統計局事業所情報管理課,その他,,登録あり,〇,○,作成機関情報,https://www.e-stat.go.jp/statistics/00200551
00200552,経済センサス‐基礎調査,総務省,統計局事業所情報管理課,基幹統計,５年,登録あり,〇,○,作成機関情報,https://www.e-stat.go.jp/statistics/00200552
00200553,経済センサス‐活動調査,済産業省,センサス室・調査統計グループ構造・,基幹統計,５年,,,○,作成機関情報,https://www.e-stat.go.jp/statistics/00200553
00200555,経済構造実態調査,総務省,統計局統計調査部経済統計課,基幹統計,年,登録あり,〇,○,作成機関情報,https://www.e-stat.go.jp/statistics/00200555
00200556,経済構造実態調査 経済産業省企業活動基本調査 事業所・企業照会,総務省,統計局統計調査部経済統計課,基幹統計,年,-,-,-,-,
00200558,経済センサス‐基礎調査（乙調査）及び経済センサス‐活動調査（乙調査）,総務省,統計局事業所情報管理課,基幹統計,年,-,-,-,-,
00200559,経済構造実態調査 事業所・企業照会,総務省,,基幹統計,年,-,-,-,-,
00200561,家計調査,総務省,統計局統計調査部消費統計課,基幹統計,月,登録あり,〇,○,作成機関情報,https://www.e-stat.go.jp/statistics/00200561
00200563,貯蓄動向調査,総務省,統計局統計調査部消費統計課,その他,年,登録あり,〇,○,作成機関情報,https://www.e-stat.go.jp/statistics/00200563
00200564,全国家計構造調査（旧全国消費実態調査）,総務省,統計局統計調査部消費統計課,基幹統計,５年,登録あり,〇,○,作成機関情報,https://www.e-stat.go.jp/statistics/00200564
00200565,家計消費状況調査,総務省,統計局統計調査部消費統計課,一般統計,月,登録あり,〇,○,作成機関情報,https://www.e-stat.go.jp/statistics/00200565
00200566,全国単身世帯収支実態調査,総務省,統計局統計調査部消費統計課,一般統計,５年,登録あり,〇,○,作成機関情報,https://www.e-stat.go.jp/statistics/00200566
00200567,消費動向指数,総務省,統計局統計調査部消費統計課,加工統計,月,登録あり,〇,-,作成機関情報,https://www.e-stat.go.jp/statistics/00200567
00200568,家計消費単身モニター調査,総務省,統計局統計調査部消費統計課,一般統計,月,登録あり,〇,-,作成機関情報,https://www.e-stat.go.jp/statistics/00200568
00200571,小売物価統計調査,総務省,,基幹統計,月,登録あり,〇,○,作成機関情報,https://www.e-stat.go.jp/statistics/00200571
00200572,全国物価統計調査,総務省,,その他,５年,登録あり,〇,○,作成機関情報,https://www.e-stat.go.jp/statistics/00200572
00200573,消費者物価指数,総務省,,加工統計,月,登録あり,〇,○,作成機関情報,https://www.e-stat.go.jp/statistics/00200573
00200601,産業連関構造調査（サービス産業・非営利団体等調査）産業連関構造調査（企業の管理活動,総務省,,一般統計,５年,登録あり,〇,-,作成機関情報,https://www.e-stat.go.jp/statistics/00200601
00200602,等に関する実態調査）,総務省,,一般統計,５年,登録あり,〇,-,作成機関情報,https://www.e-stat.go.jp/statistics/00200602
00200603,産業連関表,総務省,政策統括官（統計制度担当）付統計,,５年,登録あり,〇,○,作成機関情報,
00200604,特別データ公表基準（SDDS）プラス,総務省,,加工統計,毎日～毎年,登録あり,〇,○,作成機関情報,https://www.e-stat.go.jp/statistics/00200604
00200606,統計法施行状況報告,総務省,,業務統計,１年,登録あり,〇,-,作成機関情報,https://www.e-stat.go.jp/statistics/00200606
00200701,食育の推進に関するアンケート調査,総務省,,一般統計,１回限り,-,-,-,-,
00200702,貸切バスの安全確保を推進するためのアンケート調査,総務省,,一般統計,１回限り,-,-,-,-,
00200703,農業の6次産業化の取組に関するアンケート調査,総務省,,一般統計,１回限り,登録あり,〇,-,作成機関情報,https://www.e-stat.go.jp/statistics/00200703
00200704,九州の「道の駅」の防災機能に関するアンケート調査,総務省,,一般統計,１回限り,-,-,-,-,
00200705,「女性活躍の推進に関する企業の取組と効果」に関するアンケート調査,総務省,,一般統計,１回限り,登録あり,〇,-,作成機関情報,https://www.e-stat.go.jp/statistics/00200705
00200706,保護司の活動に関するアンケート調査,総務省,,一般統計,１回限り,登録あり,〇,-,作成機関情報,https://www.e-stat.go.jp/statistics/00200706
00200707,近畿の「道の駅」の防災機能・バリアフリー化等に関するアンケート調査,総務省,,一般統計,１回限り,-,-,-,-,
00200708,死因究明等の推進に関する取組に係るアンケート調査,総務省,評価監視官（内閣、総務等担当）室,一般統計,１回限り,登録あり,〇,-,作成機関情報,https://www.e-stat.go.jp/statistics/00200708
00200709,リチウムイオン電池等及びその使用製品の回収・処分の実施状況に関する調査,総務省,環境等担当）室,一般統計,１回限り,,,-,,
00201001,公害苦情調査,,事務局総務課,業務統計,年,登録あり,〇,○,作成機関情報,https://www.e-stat.go.jp/statistics/00201001
00202001,火災統計,消防庁,防災情報室,業務統計,四半期、年,登録あり,〇,○,作成機関情報,https://www.e-stat.go.jp/statistics/00202001
00202002,消防年報,消防庁,防災情報室,業務統計,年,登録あり,〇,○,作成機関情報,https://www.e-stat.go.jp/statistics/00202002
00250001,訟務事件統計,法務省,訟務局訟務企画課,業務統計,月、年,登録あり,〇,○,作成機関情報,https://www.e-stat.go.jp/statistics/00250001
00250002,登記統計,法務省,大臣官房司法法制部司法法制課,業務統計,月、年,登録あり,〇,○,作成機関情報,https://www.e-stat.go.jp/statistics/00250002
00250003,検察統計調査,法務省,大臣官房司法法制部司法法制課,業務統計,月、年,登録あり,〇,○,作成機関情報,https://www.e-stat.go.jp/statistics/00250003
00250004,婦人補導統計調査,法務省,大臣官房司法法制部司法法制課,業務統計,月、年,登録あり,〇,○,作成機関情報,https://www.e-stat.go.jp/statistics/00250004
00250005,矯正統計調査,法務省,大臣官房司法法制部司法法制課,業務統計,月、年,登録あり,〇,○,作成機関情報,https://www.e-stat.go.jp/statistics/00250005
00250006,少年矯正統計調査,法務省,大臣官房司法法制部司法法制課,業務統計,月、年,登録あり,〇,○,作成機関情報,https://www.e-stat.go.jp/statistics/00250006
00250007,保護統計調査,法務省,大臣官房司法法制部司法法制課,業務統計,月、年,登録あり,〇,○,作成機関情報,https://www.e-stat.go.jp/statistics/00250007
00250008,戸籍統計,法務省,民事局民事第一課,業務統計,年,登録あり,〇,○,作成機関情報,https://www.e-stat.go.jp/statistics/00250008
00250009,供託統計,法務省,民事局商事課,業務統計,年,登録あり,〇,○,作成機関情報,https://www.e-stat.go.jp/statistics/00250009
00250010,人権侵犯事件統計,法務省,人権擁護局調査救済課,業務統計,月、年,登録あり,〇,○,作成機関情報,https://www.e-stat.go.jp/statistics/00250010
00250011,出入国管理統計,法務省,,業務統計,月、年,登録あり,〇,○,作成機関情報,https://www.e-stat.go.jp/statistics/00250011
00250012,在留外国人統計（旧登録外国人統計）,法務省,,業務統計,半期,登録あり,〇,○,作成機関情報,https://www.e-stat.go.jp/statistics/00250012
00250013,犯罪被害実態（暗数）調査,法務省,法務総合研究所研究部,一般統計,５年,登録あり,〇,-,作成機関情報,https://www.e-stat.go.jp/statistics/00250013
00250014,成年年齢引下げ後の成人式の実施に関する調査,法務省,民事局参事官室,一般統計,１回限り,登録あり,〇,-,作成機関情報,https://www.e-stat.go.jp/statistics/00250014
00250015,成年年齢引下げ後の環境整備に関する浸透度についての調査,法務省,民事局参事官室,一般統計,１回限り,登録あり,〇,-,作成機関情報,https://www.e-stat.go.jp/statistics/00250015
00250016,任意後見契約に関する公証人の実態調査,法務省,民事局参事官室,一般統計,１回限り,登録あり,〇,-,作成機関情報,https://www.e-stat.go.jp/statistics/00250016
00300100,海外在留邦人数調査統計,外務省,領事局政策課,業務統計,年,登録あり,〇,○,作成機関情報,https://www.e-stat.go.jp/statistics/00300100
00300300,海外邦人援護統計,外務省,領事局海外邦人安全支援室,業務統計,年,登録あり,〇,-,作成機関情報,https://www.e-stat.go.jp/statistics/00300300
00300400,旅券統計,外務省,領事局旅券課,業務統計,年,登録あり,〇,○,作成機関情報,https://www.e-stat.go.jp/statistics/00300400
00300500,査証（ビザ）発給統計,外務省,領事局外国人課,業務統計,年,登録あり,〇,○,作成機関情報,https://www.e-stat.go.jp/statistics/00300500
00300600,海外での滞在や生活等に関する基礎調査,外務省,領事局海外邦人安全支援室,,1回限り,登録あり,〇,-,作成機関情報,https://www.e-stat.go.jp/statistics/00300600
00350100,国家公務員共済組合年金受給者実態調査,財務省,主計局給与共済課,一般統計,年,登録あり,〇,○,作成機関情報,https://www.e-stat.go.jp/statistics/00350100
00350110,連合会を組織する共済組合における医療状況実態統計調査,財務省,主計局給与共済課,一般統計,年,登録あり,〇,○,作成機関情報,https://www.e-stat.go.jp/statistics/00350110
00350120,財政統計,財務省,主計局調査課,業務統計,年,登録あり,〇,○,作成機関情報,https://www.e-stat.go.jp/statistics/00350120
00350130,国家公務員共済組合事業統計年報,財務省,主計局給与共済課,業務統計,年,登録あり,〇,-,作成機関情報,https://www.e-stat.go.jp/statistics/00350130
00350140,契約に関する統計,財務省,主計局法規課,業務統計,年,登録あり,〇,-,作成機関情報,https://www.e-stat.go.jp/statistics/00350140
00350200,適用実態調査（租特透明化法第４条第１項に基づく適用実態調査）,財務省,主税局税制第3課租特透明化係,一般統計,年,登録あり,〇,○,作成機関情報,https://www.e-stat.go.jp/statistics/00350200
00350300,普通貿易統計,財務省,関税局関税課,業務統計,月,登録あり,〇,○,作成機関情報,https://www.e-stat.go.jp/statistics/00350300
00350310,特殊貿易統計,財務省,関税局関税課,業務統計,月,登録あり,〇,○,作成機関情報,https://www.e-stat.go.jp/statistics/00350310
00350320,船舶・航空機統計,財務省,関税局関税課,業務統計,月,登録あり,〇,○,作成機関情報,https://www.e-stat.go.jp/statistics/00350320
00350330,税関における知的財産侵害物品の差止状況,財務省,関税局業務課知的財産調査室,業務統計,上半期、年,登録あり,〇,-,作成機関情報,https://www.e-stat.go.jp/statistics/00350330
00350340,関税及び内国消費税脱税事件に係る犯則調査結果,財務省,関税局調査課,業務統計,,登録あり,〇,-,作成機関情報,https://www.e-stat.go.jp/statistics/00350340
00350350,全国の税関における関税法違反事件の取締り状況,財務省,関税局調査課,業務統計,,登録あり,〇,-,作成機関情報,https://www.e-stat.go.jp/statistics/00350350
00350360,関税及び内国消費税の申告内容の輸入事後調査結果,財務省,関税局調査課,業務統計,,登録あり,〇,-,作成機関情報,https://www.e-stat.go.jp/statistics/00350360
00350400,国有財産統計,財務省,理財局管理課国有財産情報室,業務統計,年,登録あり,〇,○,作成機関情報,https://www.e-stat.go.jp/statistics/00350400
00350401,財政融資資金現在高,財務省,理財局管理課,業務統計,月,登録あり,〇,-,作成機関情報,https://www.e-stat.go.jp/statistics/00350401
00350410,たばこ小売販売業経営実態調査,財務省,理財局総務課たばこ塩事業室,一般統計,５年,登録あり,〇,○,作成機関情報,https://www.e-stat.go.jp/statistics/00350410
00350430,たばこ小売販売業調査,財務省,理財局総務課たばこ塩事業室,一般統計,５年,登録あり,〇,○,作成機関情報,https://www.e-stat.go.jp/statistics/00350430
00350440,塩需給見通し,財務省,理財局総務課たばこ塩事業室,業務統計,年,-,-,-,-,
00350450,塩需給実績,財務省,理財局総務課たばこ塩事業室,業務統計,年,-,-,-,-,
00350460,財政資金対民間収支,財務省,理財局国庫課,業務統計,月,-,-,-,-,
00350461,国庫の状況報告書,財務省,理財局国庫課,業務統計,四半期,登録あり,〇,-,作成機関情報,https://www.e-stat.go.jp/statistics/00350461
00350470,国債統計年報,財務省,理財局国債企画課,業務統計,年,登録あり,〇,-,作成機関情報,https://www.e-stat.go.jp/statistics/00350470
00350471,分離適格振替国債の分離状況並びに現在高推移,財務省,理財局国債企画課,業務統計,四半期,登録あり,〇,-,作成機関情報,https://www.e-stat.go.jp/statistics/00350471
00350473,国債及び借入金並びに政府保証債務現在高,財務省,理財局国債企画課,業務統計,四半期,登録あり,〇,-,作成機関情報,https://www.e-stat.go.jp/statistics/00350473
00350474,国債の償還予定額,財務省,理財局国債企画課,業務統計,月,登録あり,〇,-,作成機関情報,https://www.e-stat.go.jp/statistics/00350474
00350480,財政投融資特別会計における金利スワップ取引実施状況,財務省,理財局財投総括課資金企画室,業務統計,半期,登録あり,〇,-,作成機関情報,https://www.e-stat.go.jp/statistics/00350480
00350481,財政投融資計画月別実行状況,財務省,理財局財政投融資総括課,業務統計,月,登録あり,〇,-,作成機関情報,https://www.e-stat.go.jp/statistics/00350481
00350482,産業投資現在高,財務省,理財局財政投融資総括課,業務統計,月,登録あり,〇,-,作成機関情報,https://www.e-stat.go.jp/statistics/00350482
00350483,財政融資資金運用報告書,財務省,理財局財政投融資総括課,業務統計,年,-,-,-,-,
00350490,金利スワップ取引実施状況,財務省,理財局国債業務課,業務統計,半期,登録あり,〇,-,作成機関情報,https://www.e-stat.go.jp/statistics/00350490
00350500,外貨準備等の状況,財務省,国際局為替市場課資金管理室,業務統計,月,登録あり,〇,-,作成機関情報,https://www.e-stat.go.jp/statistics/00350500
00350501,外国為替資金特別会計の外貨建資産の内訳及び運用収入の内訳等,財務省,国際局為替市場課資金管理室,業務統計,年度,登録あり,〇,-,作成機関情報,https://www.e-stat.go.jp/statistics/00350501
00350502,外国為替平衡操作の実施状況,財務省,国際局為替市場課,業務統計,月、四半期,登録あり,〇,-,作成機関情報,https://www.e-stat.go.jp/statistics/00350502
00350503,国際収支統計,財務省,国際局為替市場課,業務統計,,登録あり,〇,-,作成機関情報,https://www.e-stat.go.jp/statistics/00350503
00350504,本邦対外資産負債残高,財務省,国際局為替市場課,業務統計,四半期、年,登録あり,〇,-,作成機関情報,https://www.e-stat.go.jp/statistics/00350504
00350505,対外及び対内証券売買契約等の状況,財務省,国際局為替市場課,業務統計,月、年,登録あり,〇,-,作成機関情報,https://www.e-stat.go.jp/statistics/00350505
00350506,オフショア勘定残高,財務省,国際局為替市場課,業務統計,月,登録あり,〇,-,作成機関情報,https://www.e-stat.go.jp/statistics/00350506
00350510,開発途上国に対する資金の流れ,財務省,国際局開発政策課,業務統計,暦年,-,-,-,-,
00350600,法人企業統計調査,財務省,,基幹統計,四半期、１年,登録あり,〇,○,作成機関情報,https://www.e-stat.go.jp/statistics/00350600
00350610,法人企業景気予測調査,財務省,,一般統計,四半期,登録あり,〇,○,作成機関情報,https://www.e-stat.go.jp/statistics/00350610
00350620,景気予測調査,財務省,,その他,四半期,登録あり,-,○,作成機関情報,https://www.e-stat.go.jp/statistics/00350620
00350630,産業連関構造調査（酒類製造業投入調査）,財務省,,一般統計,５年,登録あり,〇,-,作成機関情報,https://www.e-stat.go.jp/statistics/00350630
00350650,法人企業統計調査附帯調査 四半期別GDP速報（1次速報）のための一部項目早期調査,財務省,財務総合政策研究所調査統計部調,一般統計,四半期,登録あり,〇,○,作成機関情報,
00351000,民間給与実態統計調査,国税庁,長官官房企画課,基幹統計,年,登録あり,〇,○,作成機関情報,https://www.e-stat.go.jp/statistics/00351000
00351010,税務統計,国税庁,長官官房企画課,業務統計,年,登録あり,〇,-,作成機関情報,https://www.e-stat.go.jp/statistics/00351010
00351020,会社標本調査,国税庁,長官官房企画課,業務統計,年,登録あり,〇,○,作成機関情報,https://www.e-stat.go.jp/statistics/00351020
00351030,申告所得税標本調査,国税庁,長官官房企画課,業務統計,年,登録あり,〇,○,作成機関情報,https://www.e-stat.go.jp/statistics/00351030
00400001,学校基本調査,文部科学省,,基幹統計,年,登録あり,〇,○,作成機関情報,https://www.e-stat.go.jp/statistics/00400001
00400002,学校保健統計調査,文部科学省,,基幹統計,年,登録あり,〇,○,作成機関情報,https://www.e-stat.go.jp/statistics/00400002
00400003,学校教員統計調査,文部科学省,,基幹統計,３年,登録あり,〇,○,作成機関情報,https://www.e-stat.go.jp/statistics/00400003
00400004,社会教育調査,文部科学省,,基幹統計,３年,登録あり,〇,○,作成機関情報,https://www.e-stat.go.jp/statistics/00400004
00400101,公立学校施設実態調査,文部科学省,,業務統計,年,登録あり,〇,○,作成機関情報,https://www.e-stat.go.jp/statistics/00400101
00400201,子供の学習費調査,文部科学省,,一般統計,２年,登録あり,〇,○,作成機関情報,https://www.e-stat.go.jp/statistics/00400201
00400202,地方教育費調査,文部科学省,,一般統計,年、２年,登録あり,〇,○,作成機関情報,https://www.e-stat.go.jp/statistics/00400202
00400203,２１世紀出生児縦断調査（平成１３年出生児）,文部科学省,,一般統計,年,登録あり,〇,-,作成機関情報,https://www.e-stat.go.jp/statistics/00400203
00400204,学校図書館の現状に関する調査,文部科学省,総合教育政策局地域学習推進課,業務統計,５年,登録あり,〇,-,作成機関情報,https://www.e-stat.go.jp/statistics/00400204
00400205,外国人の子供の就学状況等調査,文部科学省,総合教育政策局国際教育課,業務統計,年,登録あり,〇,-,作成機関情報,https://www.e-stat.go.jp/statistics/00400205
00400206,日本語教育実態調査,文部科学省,総合教育政策局日本語教育課,一般統計,年,登録あり,〇,-,作成機関情報,https://www.e-stat.go.jp/statistics/00400206
00400207,２１世紀出生児縦断調査（平成２２年出生児）,文部科学省,,一般統計,年,-,-,-,-,
00400301,教育職員に係る係争中の争訟事件等の調査,文部科学省,,業務統計,不定期,登録あり,〇,○,作成機関情報,https://www.e-stat.go.jp/statistics/00400301
00400302,教職員の組織する職員団体の実態調査,文部科学省,,業務統計,年,登録あり,〇,○,作成機関情報,https://www.e-stat.go.jp/statistics/00400302
00400303,高等学校卒業（予定）者の就職（内定）状況に関する調査児童生徒の問題行動・不登校等生徒,文部科学省,初等中等教育局児童生徒課,一般統計,年３回,登録あり,〇,○,作成機関情報,https://www.e-stat.go.jp/statistics/00400303
00400304,指導上の諸課題に関する調査,文部科学省,初等中等教育局児童生徒課,一般統計,年,登録あり,〇,○,作成機関情報,https://www.e-stat.go.jp/statistics/00400304
00400305,日本語指導が必要な児童生徒の受入状況等に関する調査,文部科学省,総合教育政策局国際教育課,業務統計,２年,登録あり,〇,○,作成機関情報,https://www.e-stat.go.jp/statistics/00400305
00400306,学校における教育の情報化の実態等に関する調査,文部科学省,,一般統計,年,登録あり,〇,○,作成機関情報,https://www.e-stat.go.jp/statistics/00400306
00400401,大学・短期大学・高等専門学校における学生のキャリア形成支援活動実施状況等調査大学・短期大学・高等専門学校及び専,文部科学省,高等教育局学生支援課,一般統計,２年,登録あり,〇,-,作成機関情報,https://www.e-stat.go.jp/statistics/00400401
00400402,修学校卒業予定者の就職内定状況等調査,文部科学省,高等教育局学生支援課,一般統計,年４回,登録あり,〇,○,作成機関情報,https://www.e-stat.go.jp/statistics/00400402
00400501,民間企業の研究活動に関する調査,文部科学省,科学技術・学術政策研究所,一般統計,年,登録あり,〇,○,作成機関情報,https://www.e-stat.go.jp/statistics/00400501
00400502,大学等におけるフルタイム換算データに関する調査,文部科学省,,一般統計,５年,登録あり,〇,○,作成機関情報,https://www.e-stat.go.jp/statistics/00400502
00400503,全国イノベーション調査,文部科学省,科学技術・学術政策研究所,一般統計,２年,登録あり,〇,○,作成機関情報,https://www.e-stat.go.jp/statistics/00400503
00400504,ポストドクター等の雇用・進路に関する調査,文部科学省,科学技術・学術政策局人材政策課,一般統計,３年,登録あり,〇,-,作成機関情報,https://www.e-stat.go.jp/statistics/00400504
00400601,学術情報基盤実態調査,文部科学省,研究振興局参事官（情報担当）付,一般統計,年,登録あり,〇,○,作成機関情報,https://www.e-stat.go.jp/statistics/00400601
00400802,学校給食実施状況等調査,文部科学省,初等中等教育局健康教育・食育課,一般統計,２年,登録あり,〇,○,作成機関情報,https://www.e-stat.go.jp/statistics/00400802
00400803,学校給食栄養報告,文部科学省,初等中等教育局健康教育・食育課,一般統計,２年,登録あり,〇,○,作成機関情報,https://www.e-stat.go.jp/statistics/00400803
00401101,宗教統計調査,文化庁,宗務課,一般統計,年,登録あり,〇,○,作成機関情報,https://www.e-stat.go.jp/statistics/00401101
00401102,宗教法人が行う事業に関する調査,文化庁,宗務課,一般統計,不定期,-,-,-,-,
00401104,国語に関する世論調査,文化庁,国語課,業務統計,年,-,-,-,-,
00402101,体育・スポーツ施設現況調査,スポーツ庁,参事官（地域振興担当）付,一般統計,３年,登録あり,〇,-,作成機関情報,https://www.e-stat.go.jp/statistics/00402101
00402102,体力・運動能力調査,スポーツ庁,健康スポーツ課,一般統計,年,登録あり,〇,○,作成機関情報,https://www.e-stat.go.jp/statistics/00402102
00450001,産業連関構造調査（医療業・社会福祉事業等投入調査）,厚生労働省,政策統括官付参事官付審査解析室,一般統計,５年,登録あり,〇,-,作成機関情報,https://www.e-stat.go.jp/statistics/00450001
00450011,人口動態調査,厚生労働省,,基幹統計,月、年,登録あり,〇,○,作成機関情報,https://www.e-stat.go.jp/statistics/00450011
00450012,生命表,厚生労働省,,基幹統計,年、５年,登録あり,〇,○,作成機関情報,https://www.e-stat.go.jp/statistics/00450012
00450013,人口動態統計特殊報告,厚生労働省,,加工統計,年、５年,登録あり,〇,-,作成機関情報,https://www.e-stat.go.jp/statistics/00450013
00450021,医療施設調査,厚生労働省,政策統括官付参事官付保健統計室,基幹統計,月、３年,登録あり,〇,○,作成機関情報,https://www.e-stat.go.jp/statistics/00450021
00450022,患者調査,厚生労働省,政策統括官付参事官付保健統計室,基幹統計,３年,登録あり,〇,○,作成機関情報,https://www.e-stat.go.jp/statistics/00450022
00450023,病院報告,厚生労働省,政策統括官付参事官付保健統計室,一般統計,月,登録あり,〇,○,作成機関情報,https://www.e-stat.go.jp/statistics/00450023
00450024,受療行動調査,厚生労働省,政策統括官付参事官付保健統計室,一般統計,３年,登録あり,〇,-,作成機関情報,https://www.e-stat.go.jp/statistics/00450024
00450025,地域保健・健康増進事業報告,厚生労働省,,一般統計,年,登録あり,〇,○,作成機関情報,https://www.e-stat.go.jp/statistics/00450025
00450026,医師・歯科医師・薬剤師統計,厚生労働省,政策統括官付参事官付保健統計室,業務統計,２年,登録あり,〇,-,作成機関情報,https://www.e-stat.go.jp/statistics/00450026
00450027,衛生行政報告例,厚生労働省,,一般統計,年、２年,登録あり,〇,○,作成機関情報,https://www.e-stat.go.jp/statistics/00450027
00450028,伝染病統計,厚生労働省,政策統括官付参事官付保健統計室,その他,月、年,登録あり,〇,-,作成機関情報,https://www.e-stat.go.jp/statistics/00450028
00450029,母体保護統計報告(優生保護統計報告),厚生労働省,,その他,年,登録あり,〇,-,作成機関情報,https://www.e-stat.go.jp/statistics/00450029
00450030,地域保健事業報告(保健所運営報告),厚生労働省,,その他,年,登録あり,〇,-,作成機関情報,https://www.e-stat.go.jp/statistics/00450030
00450031,老人保健事業報告,厚生労働省,,その他,年,登録あり,〇,-,作成機関情報,https://www.e-stat.go.jp/statistics/00450031
00450032,国民医療費,厚生労働省,保険局調査課,加工統計,年,登録あり,〇,○,作成機関情報,https://www.e-stat.go.jp/statistics/00450032
00450041,社会福祉施設等調査,厚生労働省,政策統括官付参事官付社会統計室,一般統計,年,登録あり,〇,-,作成機関情報,https://www.e-stat.go.jp/statistics/00450041
00450042,介護サービス施設・事業所調査,厚生労働省,政策統括官付参事官付社会統計室,一般統計,年,登録あり,〇,-,作成機関情報,https://www.e-stat.go.jp/statistics/00450042
00450043,21世紀出生児縦断調査（平成13年出生児）,厚生労働省,政策統括官付参事官付世帯統計室,一般統計,年,登録あり,〇,-,作成機関情報,https://www.e-stat.go.jp/statistics/00450043
00450044,21世紀成年者縦断調査（平成14年成年者）,厚生労働省,政策統括官付参事官付世帯統計室,一般統計,年,登録あり,〇,-,作成機関情報,https://www.e-stat.go.jp/statistics/00450044
00450045,中高年者縦断調査,厚生労働省,政策統括官付参事官付世帯統計室,一般統計,年,登録あり,〇,-,作成機関情報,https://www.e-stat.go.jp/statistics/00450045
00450046,福祉行政報告例,厚生労働省,,一般統計,月、年,登録あり,〇,-,作成機関情報,https://www.e-stat.go.jp/statistics/00450046
00450048,社会医療診療行為別統計,厚生労働省,政策統括官付参事官付社会統計室,業務統計,年,登録あり,〇,-,作成機関情報,https://www.e-stat.go.jp/statistics/00450048
00450049,介護給付費等実態統計（旧：介護給付費等実態調査）,厚生労働省,政策統括官付参事官付社会統計室,業務統計,月,登録あり,〇,-,作成機関情報,https://www.e-stat.go.jp/statistics/00450049
00450050,21世紀出生児縦断調査（平成22年出生児）,厚生労働省,政策統括官付参事官付世帯統計室,一般統計,年,登録あり,〇,-,作成機関情報,https://www.e-stat.go.jp/statistics/00450050
00450051,21世紀成年者縦断調査（平成24年成年者）,厚生労働省,政策統括官付参事官付世帯統計室,一般統計,年,登録あり,〇,-,作成機関情報,https://www.e-stat.go.jp/statistics/00450051
00450061,国民生活基礎調査,厚生労働省,政策統括官付参事官付世帯統計室,基幹統計,年、３年,登録あり,〇,○,作成機関情報,https://www.e-stat.go.jp/statistics/00450061
00450062,保健福祉動向調査,厚生労働省,政策統括官付参事官付世帯統計室,その他,３年に２回,登録あり,〇,-,作成機関情報,https://www.e-stat.go.jp/statistics/00450062
00450063,介護サービス世帯調査,厚生労働省,政策統括官付参事官付世帯統計室,その他,１回限り,登録あり,〇,-,作成機関情報,https://www.e-stat.go.jp/statistics/00450063
00450071,毎月勤労統計調査,厚生労働省,,基幹統計,月、年,登録あり,〇,○,作成機関情報,https://www.e-stat.go.jp/statistics/00450071
00450072,労働経済動向調査,厚生労働省,,一般統計,四半期,登録あり,〇,-,作成機関情報,https://www.e-stat.go.jp/statistics/00450072
00450073,雇用動向調査,厚生労働省,,一般統計,半年,登録あり,〇,○,作成機関情報,https://www.e-stat.go.jp/statistics/00450073
00450074,雇用の構造に関する実態調査,厚生労働省,,一般統計,年,登録あり,〇,-,作成機関情報,https://www.e-stat.go.jp/statistics/00450074
00450076,産業労働事情調査,厚生労働省,,その他,年,登録あり,〇,-,作成機関情報,https://www.e-stat.go.jp/statistics/00450076
00450077,雇用管理調査,厚生労働省,,その他,年,登録あり,〇,-,作成機関情報,https://www.e-stat.go.jp/statistics/00450077
00450078,労使関係総合調査（労働組合活動等に関する実態調査）,厚生労働省,,一般統計,２年又は３年,登録あり,〇,-,作成機関情報,https://www.e-stat.go.jp/statistics/00450078
00450079,小規模事業所勤労統計調査,厚生労働省,,一般統計,１回限り,登録あり,〇,-,作成機関情報,https://www.e-stat.go.jp/statistics/00450079
00450091,賃金構造基本統計調査,厚生労働省,,基幹統計,年,登録あり,〇,○,作成機関情報,https://www.e-stat.go.jp/statistics/00450091
00450092,屋外労働者職種別賃金調査,厚生労働省,,その他,年,登録あり,〇,-,作成機関情報,https://www.e-stat.go.jp/statistics/00450092
00450093,労働安全衛生特別調査（労働安全衛生基本調査）,厚生労働省,,一般統計,５年,登録あり,〇,-,作成機関情報,https://www.e-stat.go.jp/statistics/00450093
00450094,労働安全衛生調査（労働環境調査）,厚生労働省,,一般統計,不定期,登録あり,〇,-,作成機関情報,https://www.e-stat.go.jp/statistics/00450094
00450095,労働安全衛生特別調査（労働者健康状況調査）,厚生労働省,,一般統計,５年,登録あり,〇,-,作成機関情報,https://www.e-stat.go.jp/statistics/00450095
00450096,労働安全衛生特別調査（技術革新と労働に関する実態調査）,厚生労働省,,一般統計,５年,登録あり,〇,-,作成機関情報,https://www.e-stat.go.jp/statistics/00450096
00450097,労働安全衛生特別調査（建設業労働災害防止対策等総合実態調査）,厚生労働省,,一般統計,５年,登録あり,〇,-,作成機関情報,https://www.e-stat.go.jp/statistics/00450097
00450098,賃金引上げ等の実態に関する調査,厚生労働省,,一般統計,年,登録あり,〇,○,作成機関情報,https://www.e-stat.go.jp/statistics/00450098
00450099,就労条件総合調査,厚生労働省,,一般統計,年,登録あり,〇,○,作成機関情報,https://www.e-stat.go.jp/statistics/00450099
00450100,労働災害動向調査,厚生労働省,,一般統計,年,登録あり,〇,○,作成機関情報,https://www.e-stat.go.jp/statistics/00450100
00450101,労使関係総合調査（労働組合基礎調査）,厚生労働省,,一般統計,年,登録あり,〇,-,作成機関情報,https://www.e-stat.go.jp/statistics/00450101
00450102,労使関係総合調査（労働組合活動実態調査）労使関係総合調査（労働協約等実態,厚生労働省,,一般統計,５年,登録あり,〇,-,作成機関情報,https://www.e-stat.go.jp/statistics/00450102
00450103,調査）,厚生労働省,,一般統計,５年,登録あり,〇,-,作成機関情報,https://www.e-stat.go.jp/statistics/00450103
00450104,労使関係総合調査（団体交渉と労働争議に関する実態調査）,厚生労働省,,一般統計,５年,登録あり,〇,-,作成機関情報,https://www.e-stat.go.jp/statistics/00450104
00450105,労使関係総合調査（労働組合実態調査）,厚生労働省,,一般統計,５年,登録あり,〇,-,作成機関情報,https://www.e-stat.go.jp/statistics/00450105
00450106,労使関係総合調査（労使コミュニケーション調査）,厚生労働省,,一般統計,５年,登録あり,〇,-,作成機関情報,https://www.e-stat.go.jp/statistics/00450106
00450107,林業労働者職種別賃金調査,厚生労働省,,その他,年,登録あり,〇,-,作成機関情報,https://www.e-stat.go.jp/statistics/00450107
00450108,労働争議統計調査,厚生労働省,,一般統計,年,登録あり,〇,-,作成機関情報,https://www.e-stat.go.jp/statistics/00450108
00450109,労働安全衛生特別調査（労働災害防止対策等重点調査票）,厚生労働省,,一般統計,５年,登録あり,〇,-,作成機関情報,https://www.e-stat.go.jp/statistics/00450109
00450110,労働安全衛生調査（実態調査）,厚生労働省,,一般統計,年,登録あり,〇,-,作成機関情報,https://www.e-stat.go.jp/statistics/00450110
00450111,労使関係総合調査（労使間の交渉等に関する実態調査）,厚生労働省,,一般統計,２年又は３年,登録あり,〇,-,作成機関情報,https://www.e-stat.go.jp/statistics/00450111
00450121,病院経営収支調査,厚生労働省,医政局医療経営支援課,その他,年,-,-,-,-,
00450122,無医地区等調査,厚生労働省,医政局地域医療計画課,一般統計,３年,登録あり,〇,-,作成機関情報,https://www.e-stat.go.jp/statistics/00450122
00450123,院内感染対策サーベイランス,厚生労働省,,一般統計,,登録あり,〇,-,作成機関情報,https://www.e-stat.go.jp/statistics/00450123
00450124,人生の最終段階における医療・ケアに関する意識調査,厚生労働省,医政局地域医療計画課,業務統計,５年,登録あり,〇,-,作成機関情報,https://www.e-stat.go.jp/statistics/00450124
00450125,病床機能報告制度,厚生労働省,医政局地域医療計画課,業務統計,年,-,-,-,-,
00450126,外来機能報告,厚生労働省,医政局地域医療計画課,業務統計,年,-,-,-,-,
00450127,医師少数区域経験認定医師に関する調査,厚生労働省,医政局地域医療計画課,一般統計,１年,登録あり,〇,-,作成機関情報,https://www.e-stat.go.jp/statistics/00450127
00450131,歯科疾患実態調査,厚生労働省,医政局歯科保健課,一般統計,４年,登録あり,〇,-,作成機関情報,https://www.e-stat.go.jp/statistics/00450131
00450132,無歯科医地区等調査,厚生労働省,医政局歯科保健課,一般統計,３年,登録あり,〇,-,作成機関情報,https://www.e-stat.go.jp/statistics/00450132
00450141,看護師等学校養成所入学状況及び卒業生就業状況調査,厚生労働省,医政局看護課,一般統計,年,登録あり,〇,○,作成機関情報,https://www.e-stat.go.jp/statistics/00450141
00450151,薬事工業生産動態統計調査,厚生労働省,,基幹統計,月、年,登録あり,〇,○,作成機関情報,https://www.e-stat.go.jp/statistics/00450151
00450152,医薬品・医療機器産業実態調査,厚生労働省,,一般統計,年,登録あり,〇,○,作成機関情報,https://www.e-stat.go.jp/statistics/00450152
00450153,医薬品価格調査,厚生労働省,,一般統計,年,登録あり,〇,-,作成機関情報,https://www.e-stat.go.jp/statistics/00450153
00450154,特定保険医療材料価格調査,厚生労働省,,一般統計,２年,登録あり,〇,-,作成機関情報,https://www.e-stat.go.jp/statistics/00450154
00450155,医療用医薬品における情報化進捗状況調査,厚生労働省,,業務統計,年,-,-,-,-,
00450156,医療機器等における情報化進捗状況調査,厚生労働省,,業務統計,年,-,-,-,-,
00450161,原子爆弾被爆者実態調査,厚生労働省,健康・生活衛生局総務課,一般統計,10年,登録あり,〇,-,作成機関情報,https://www.e-stat.go.jp/statistics/00450161
00450171,国民健康・栄養調査,厚生労働省,健康・生活衛生局健康課栄養指導室,一般統計,年,登録あり,〇,○,作成機関情報,https://www.e-stat.go.jp/statistics/00450171
00450172,喫煙環境に関する実態調査,厚生労働省,健康・生活衛生局健康課,一般統計,年,登録あり,〇,-,作成機関情報,https://www.e-stat.go.jp/statistics/00450172
00450173,全国がん登録,厚生労働省,健康・生活衛生局がん・疾病対策課,その他,年,登録あり,〇,-,作成機関情報,https://www.e-stat.go.jp/statistics/00450173
00450174,(仮)風しん対策の意向調査,厚生労働省,,その他,不定期,-,-,-,-,
00450181,血液製剤使用実態調査,厚生労働省,医薬局血液対策課,その他,１回限り,-,-,-,-,
00450191,食中毒統計調査,厚生労働省,健康・生活衛生局食品監視安全課,業務統計,年,登録あり,〇,○,作成機関情報,https://www.e-stat.go.jp/statistics/00450191
00450192,食肉検査等情報還元調査牛海綿状脳症（BSE）スクリーニング検,厚生労働省,健康・生活衛生局食品監視安全課,一般統計,年,登録あり,〇,○,作成機関情報,https://www.e-stat.go.jp/statistics/00450192
00450193,査の結果,厚生労働省,健康・生活衛生局食品監視安全課,業務統計,年,-,-,-,-,
00450201,最低賃金に関する実態調査,厚生労働省,労働基準局賃金課,一般統計,年,登録あり,〇,-,作成機関情報,https://www.e-stat.go.jp/statistics/00450201
00450211,定期健康診断結果報告,厚生労働省,労働基準局安全衛生部労働衛生課,業務統計,年,登録あり,〇,○,作成機関情報,https://www.e-stat.go.jp/statistics/00450211
00450212,労務費率調査,厚生労働省,,一般統計,３年,登録あり,〇,○,作成機関情報,https://www.e-stat.go.jp/statistics/00450212
00450213,平成21、23年有期労働契約に関する実態調査,厚生労働省,労働基準局労働関係法課,一般統計,不定期,-,-,-,-,
00450216,有期労働契約に関する実態調査（事業所調査・個人調査）,厚生労働省,労働基準局労働関係法課,一般統計,１回限り,登録あり,〇,-,作成機関情報,https://www.e-stat.go.jp/statistics/00450216
00450217,特殊健康診断結果報告,厚生労働省,労働基準局安全衛生部労働衛生課,業務統計,年,-,-,-,-,
00450218,業務上疾病発生状況,厚生労働省,労働基準局安全衛生部労働衛生課,業務統計,年,登録あり,〇,-,作成機関情報,https://www.e-stat.go.jp/statistics/00450218
00450219,じん肺管理区分決定状況,厚生労働省,労働基準局安全衛生部労働衛生課,業務統計,年,-,-,-,-,
00450221,雇用状況実態調査,厚生労働省,職業安定局雇用政策課,その他,年,登録あり,〇,-,作成機関情報,https://www.e-stat.go.jp/statistics/00450221
00450222,一般職業紹介状況（職業安定業務統計）,厚生労働省,職業安定局雇用政策課,業務統計,月,登録あり,〇,-,作成機関情報,https://www.e-stat.go.jp/statistics/00450222
00450223,雇用保険事業統計,厚生労働省,職業安定局雇用保険課,業務統計,月,登録あり,〇,-,作成機関情報,https://www.e-stat.go.jp/statistics/00450223
00450224,外国人雇用実態調査,厚生労働省,職業安定局外国人雇用対策課,一般統計,年,登録あり,〇,-,作成機関情報,https://www.e-stat.go.jp/statistics/00450224
00450231,大学・短期大学・高等専門学校及び専修学校卒業予定者の就職内定状況等調査,厚生労働省,人材開発統括官付若年者・キャリア,一般統計,年４回,-,-,-,-,
00450232,高校・中学新卒者の就職内定状況等,厚生労働省,,業務統計,年３回,登録あり,〇,-,作成機関情報,https://www.e-stat.go.jp/statistics/00450232
00450233,民間人材ビジネス実態把握調査,厚生労働省,,一般統計,１回限り,登録あり,〇,-,作成機関情報,https://www.e-stat.go.jp/statistics/00450233
00450241,港湾運送事業雇用実態調査,厚生労働省,,一般統計,５年,登録あり,〇,○,作成機関情報,https://www.e-stat.go.jp/statistics/00450241
00450251,出稼労働者雇用等実態調査,厚生労働省,,その他,２年,登録あり,〇,-,作成機関情報,https://www.e-stat.go.jp/statistics/00450251
00450261,障害者雇用実態調査,厚生労働省,職業安定局障害者雇用対策課,一般統計,５年,登録あり,〇,-,作成機関情報,https://www.e-stat.go.jp/statistics/00450261
00450281,雇用均等基本調査（女性雇用管理基本調査）,厚生労働省,雇用環境・均等局雇用機会均等課,一般統計,年,登録あり,〇,-,作成機関情報,https://www.e-stat.go.jp/statistics/00450281
00450291,家内労働等実態調査,厚生労働省,雇用環境・均等局在宅労働課,一般統計,３年,登録あり,〇,○,作成機関情報,https://www.e-stat.go.jp/statistics/00450291
00450292,家内労働概況調査,厚生労働省,雇用環境・均等局在宅労働課,業務統計,年,登録あり,〇,-,作成機関情報,https://www.e-stat.go.jp/statistics/00450292
00450293,女性活躍推進法に基づく一般事業主行動計画策定届の届出状況及び認定状況,厚生労働省,雇用環境・均等局雇用機会均等課,業務統計,四半期,-,-,-,-,
00450295,都道府県労働局雇用環境・均等部（室）での法施行状況,厚生労働省,職業生活両立課、有期・短時間労働,業務統計,年,,,-,,
00450301,福祉事務所現況調査,厚生労働省,社会・援護局総務課,一般統計,年,登録あり,〇,-,作成機関情報,https://www.e-stat.go.jp/statistics/00450301
00450303,無料低額診療事業等に係る実施状況の報告,厚生労働省,社会・援護局総務課,業務統計,年,登録あり,〇,-,作成機関情報,https://www.e-stat.go.jp/statistics/00450303
00450304,福祉事務所人員体制調査,厚生労働省,社会・援護局総務課,一般統計,１回限り,登録あり,〇,-,作成機関情報,https://www.e-stat.go.jp/statistics/00450304
00450310,世帯主が日本の国籍を有しない被保護世帯における医療扶助額等調査,厚生労働省,社会・援護局保護課,一般統計,1回限り,登録あり,〇,-,作成機関情報,https://www.e-stat.go.jp/statistics/00450310
00450311,社会保障生計調査,厚生労働省,社会・援護局保護課,一般統計,月,登録あり,〇,-,作成機関情報,https://www.e-stat.go.jp/statistics/00450311
00450312,被保護者調査,厚生労働省,社会・援護局保護課,一般統計,月、年,登録あり,〇,-,作成機関情報,https://www.e-stat.go.jp/statistics/00450312
00450313,医療扶助実態統計（旧：医療扶助実態調査）,厚生労働省,社会・援護局保護課,業務統計,年,登録あり,〇,-,作成機関情報,https://www.e-stat.go.jp/statistics/00450313
00450314,家庭の生活実態及び生活意識に関する調査,厚生労働省,社会・援護局保護課,一般統計,３年,登録あり,〇,-,作成機関情報,https://www.e-stat.go.jp/statistics/00450314
00450315,住宅手当緊急特別措置事業全国調査,厚生労働省,社会・援護局地域福祉課,一般統計,年,登録あり,〇,-,作成機関情報,https://www.e-stat.go.jp/statistics/00450315
00450321,消費生活協同組合（連合会）実態調査,厚生労働省,社会・援護局地域福祉課,一般統計,年,登録あり,〇,○,作成機関情報,https://www.e-stat.go.jp/statistics/00450321
00450322,ホームレスの実態に関する全国調査（生活実態調査）,厚生労働省,社会・援護局地域福祉課,一般統計,５年,登録あり,〇,○,作成機関情報,https://www.e-stat.go.jp/statistics/00450322
00450323,ホームレスの実態に関する全国調査（概数調査）,厚生労働省,社会・援護局地域福祉課,業務統計,年,登録あり,〇,-,作成機関情報,https://www.e-stat.go.jp/statistics/00450323
00450331,中国残留邦人等実態調査,厚生労働省,,一般統計,不定期,登録あり,〇,-,作成機関情報,https://www.e-stat.go.jp/statistics/00450331
00450341,知的障害児（者）基礎調査,厚生労働省,社会・援護局障害保健福祉部企画課,一般統計,５年,登録あり,〇,-,作成機関情報,https://www.e-stat.go.jp/statistics/00450341
00450342,身体障害児・者等実態調査,厚生労働省,社会・援護局障害保健福祉部企画課,一般統計,５年,登録あり,〇,-,作成機関情報,https://www.e-stat.go.jp/statistics/00450342
00450343,障害支援区分認定状況調査,厚生労働省,社会・援護局障害保健福祉部企画課,業務統計,年,登録あり,〇,-,作成機関情報,https://www.e-stat.go.jp/statistics/00450343
00450344,障害福祉サービス等経営実態調査,厚生労働省,,一般統計,３年,登録あり,〇,-,作成機関情報,https://www.e-stat.go.jp/statistics/00450344
00450345,障害福祉サービス等経営概況調査,厚生労働省,,一般統計,３年,登録あり,〇,-,作成機関情報,https://www.e-stat.go.jp/statistics/00450345
00450346,障害福祉サービス等従事者処遇状況等調査,厚生労働省,,一般統計,３年,登録あり,〇,-,作成機関情報,https://www.e-stat.go.jp/statistics/00450346
00450347,都道府県・市区町村における障害者虐待事例への対応状況等,厚生労働省,,業務統計,年,-,-,-,-,
00450348,障害者相談支援事業の実施状況,厚生労働省,,業務統計,年,-,-,-,-,
00450351,介護保険事業状況報告,厚生労働省,老健局介護保険計画課,業務統計,月、年,登録あり,〇,-,作成機関情報,https://www.e-stat.go.jp/statistics/00450351
00450371,介護事業実態調査（介護事業経営概況調査）,厚生労働省,老健局老人保健課,一般統計,３年,登録あり,〇,-,作成機関情報,https://www.e-stat.go.jp/statistics/00450371
00450372,介護事業実態調査（介護事業経営実態調査）,厚生労働省,老健局老人保健課,一般統計,３年,登録あり,〇,-,作成機関情報,https://www.e-stat.go.jp/statistics/00450372
00450373,要介護認定等に係る認定調査結果等報告,厚生労働省,老健局老人保健課,業務統計,月,-,-,-,-,
00450374,要介護認定モデル事業報告,厚生労働省,老健局老人保健課,その他,不定期,-,-,-,-,
00450375,高齢者介護実態調査,厚生労働省,老健局老人保健課,一般統計,不定期,-,-,-,-,
00450376,介護事業実態調査（介護従事者処遇状況等調査）,厚生労働省,老健局老人保健課,一般統計,３年,登録あり,〇,-,作成機関情報,https://www.e-stat.go.jp/statistics/00450376
00450381,医療経済実態調査（医療機関等調査）,厚生労働省,保険局医療課,一般統計,２年,登録あり,〇,○,作成機関情報,https://www.e-stat.go.jp/statistics/00450381
00450382,歯科技工料調査,厚生労働省,保険局医療課,一般統計,２年,-,-,-,-,
00450383,保険医療材料等使用状況調査,厚生労働省,保険局医療課,一般統計,２年,-,-,-,-,
00450384,衛生検査所検査料金調査,厚生労働省,保険局医療課,その他,２年,-,-,-,-,
00450385,訪問看護療養費実態調査,厚生労働省,保険局医療課,一般統計,２年,登録あり,〇,○,作成機関情報,https://www.e-stat.go.jp/statistics/00450385
00450386,DPC導入の影響評価に係る調査,厚生労働省,保険局医療課,業務統計,年,登録あり,〇,-,作成機関情報,https://www.e-stat.go.jp/statistics/00450386
00450387,歯科補綴関連技術等に関する歯科診療報酬の適正な評価のための調査検討,厚生労働省,保険局医療課,一般統計,１回限り,-,-,-,-,
00450388,後期高齢者医療制度被保険者実態調査,厚生労働省,保険局調査課,業務統計,年,登録あり,〇,○,作成機関情報,https://www.e-stat.go.jp/statistics/00450388
00450389,医療給付実態調査,厚生労働省,保険局調査課,業務統計,年,登録あり,〇,○,作成機関情報,https://www.e-stat.go.jp/statistics/00450389
00450390,後期高齢者医療事業状況報告,厚生労働省,保険局調査課,業務統計,月、年,登録あり,〇,-,作成機関情報,https://www.e-stat.go.jp/statistics/00450390
00450391,健康保険・船員保険被保険者実態調査,厚生労働省,保険局調査課,一般統計,年,登録あり,〇,○,作成機関情報,https://www.e-stat.go.jp/statistics/00450391
00450392,医療経済実態調査（保険者調査）,厚生労働省,保険局調査課,業務統計,２年,登録あり,〇,○,作成機関情報,https://www.e-stat.go.jp/statistics/00450392
00450393,健康保険診療状況実態調査,厚生労働省,保険局調査課,その他,年,-,-,-,-,
00450394,国民健康保険医療給付実態調査,厚生労働省,保険局調査課,その他,年,登録あり,〇,-,作成機関情報,https://www.e-stat.go.jp/statistics/00450394
00450395,国民健康保険診療施設年報,厚生労働省,保険局調査課,その他,年,登録あり,〇,-,作成機関情報,https://www.e-stat.go.jp/statistics/00450395
00450396,国民健康保険事業月報等,厚生労働省,保険局調査課,業務統計,月、年,登録あり,〇,○,作成機関情報,https://www.e-stat.go.jp/statistics/00450396
00450397,国民健康保険実態調査,厚生労働省,保険局調査課,業務統計,年,登録あり,〇,○,作成機関情報,https://www.e-stat.go.jp/statistics/00450397
00450398,国民健康保険診療状況実態調査,厚生労働省,保険局調査課,その他,年,-,-,-,-,
00450399,「医療費の動向」調査,厚生労働省,保険局調査課,一般統計,月、年,登録あり,〇,○,作成機関情報,https://www.e-stat.go.jp/statistics/00450399
00450400,在宅歯科医療に関する調査,厚生労働省,保険局医療課,一般統計,１回限り,登録あり,〇,-,作成機関情報,https://www.e-stat.go.jp/statistics/00450400
00450401,20歳前障害基礎年金受給権者実態調査,厚生労働省,年金局年金課,業務統計,年,-,-,-,-,
00450402,「医科医療費の動向」調査,厚生労働省,保険局調査課,業務統計,月、年,登録あり,〇,-,作成機関情報,https://www.e-stat.go.jp/statistics/00450402
00450403,「歯科医療費の動向」調査,厚生労働省,保険局調査課,業務統計,月、年,登録あり,〇,-,作成機関情報,https://www.e-stat.go.jp/statistics/00450403
00450411,年金制度基礎調査,厚生労働省,年金局数理課,一般統計,不定期,登録あり,〇,-,作成機関情報,https://www.e-stat.go.jp/statistics/00450411
00450421,社会保障制度企画調査,厚生労働省,政策統括官付政策立案・評価担当参,その他,,登録あり,〇,-,作成機関情報,
00450422,所得再分配調査,厚生労働省,,一般統計,３年,登録あり,〇,○,作成機関情報,https://www.e-stat.go.jp/statistics/00450422
00450431,社会保障・人口問題基本調査（出生動向基本調査）,厚生労働省,国立社会保障・人口問題研究所,一般統計,５年,登録あり,〇,-,作成機関情報,https://www.e-stat.go.jp/statistics/00450431
00450432,社会保障・人口問題基本調査（人口移動調査）,厚生労働省,国立社会保障・人口問題研究所,一般統計,５年,登録あり,〇,-,作成機関情報,https://www.e-stat.go.jp/statistics/00450432
00450433,社会保障・人口問題基本調査（生活と支え合いに関する調査）,厚生労働省,国立社会保障・人口問題研究所,一般統計,５年,登録あり,〇,○,作成機関情報,https://www.e-stat.go.jp/statistics/00450433
00450434,社会保障・人口問題基本調査（全国家庭動向調査）,厚生労働省,国立社会保障・人口問題研究所,一般統計,５年,登録あり,〇,-,作成機関情報,https://www.e-stat.go.jp/statistics/00450434
00450435,社会保障・人口問題基本調査（世帯動態調査）,厚生労働省,国立社会保障・人口問題研究所,一般統計,５年,登録あり,〇,-,作成機関情報,https://www.e-stat.go.jp/statistics/00450435
00450437,社会保障費用統計,厚生労働省,国立社会保障・人口問題研究所,基幹統計,年,登録あり,〇,○,作成機関情報,https://www.e-stat.go.jp/statistics/00450437
00450451,能力開発基本調査,厚生労働省,人材開発統括官付政策企画室,一般統計,年,登録あり,〇,○,作成機関情報,https://www.e-stat.go.jp/statistics/00450451
00450461,公的年金加入状況等調査,厚生労働省,年金局事業企画課調査室,一般統計,３年,登録あり,〇,○,作成機関情報,https://www.e-stat.go.jp/statistics/00450461
00450462,国民年金被保険者実態調査,厚生労働省,年金局事業企画課調査室,,３年,登録あり,〇,○,作成機関情報,https://www.e-stat.go.jp/statistics/00450462
00450463,厚生年金保険・国民年金事業統計,厚生労働省,年金局事業企画課調査室,業務統計,月、年,登録あり,〇,-,作成機関情報,https://www.e-stat.go.jp/statistics/00450463
00450464,業態別・規模別適用状況調,厚生労働省,年金局事業企画課調査室,業務統計,年,登録あり,〇,-,作成機関情報,https://www.e-stat.go.jp/statistics/00450464
00450465,公務員及び私学教職員に関する厚生年金保険適用給付状況調査,厚生労働省,年金局事業企画課調査室,一般統計,月、年,-,-,-,-,
00450471,保健師活動領域調査,厚生労働省,健康・生活衛生局健康課保健指導室,一般統計,,登録あり,〇,-,作成機関情報,https://www.e-stat.go.jp/statistics/00450471
00450481,医科歯科連携の在り方に関する調査,厚生労働省,保険局医療課,一般統計,１回限り,-,-,-,-,
00450482,「調剤医療費の動向」調査,厚生労働省,保険局調査課,業務統計,月、年,登録あり,〇,-,作成機関情報,https://www.e-stat.go.jp/statistics/00450482
00450483,健康保険・船員保険事業状況報告,厚生労働省,保険局調査課,業務統計,月、年,登録あり,〇,-,作成機関情報,https://www.e-stat.go.jp/statistics/00450483
00450484,入院基本料等実施状況報告,厚生労働省,保険局医療課,業務統計,年,-,-,-,-,
00450485,令和８年度医療機関等の経営状況に係る臨時調査,厚生労働省,保険局医療課,一般統計,１回限り,-,-,-,-,
00450491,裁量労働制実態調査,厚生労働省,労働基準局労働条件政策課,一般統計,１回限り,登録あり,〇,-,作成機関情報,https://www.e-stat.go.jp/statistics/00450491
00450492,労働時間制度等に関する実態調査,厚生労働省,労働基準局労働条件政策課,一般統計,１回限り,登録あり,〇,-,作成機関情報,https://www.e-stat.go.jp/statistics/00450492
00450501,年金制度に関する総合調査,厚生労働省,年金局総務課,一般統計,１回限り,登録あり,〇,-,作成機関情報,https://www.e-stat.go.jp/statistics/00450501
00450521,水道事業における耐震化の状況,厚生労働省,健康・生活衛生局水道課,業務統計,年,-,-,-,-,
00450531,検疫所業務年報,厚生労働省,,業務統計,年,-,-,-,-,
00450532,輸入食品監視統計,厚生労働省,,業務統計,年,-,-,-,-,
00450541,労働基準監督年報,厚生労働省,労働基準局監督課,業務統計,年,-,-,-,-,
00450551,労働災害発生状況,厚生労働省,労働基準局安全衛生部安全課,業務統計,月,登録あり,〇,-,作成機関情報,https://www.e-stat.go.jp/statistics/00450551
00450561,労働保険の適用徴収状況,厚生労働省,労働基準局労働保険徴収課,業務統計,月、年,-,-,-,-,
00450571,石綿による疾病に関する労災保険給付などの請求・決定状況,厚生労働省,労働基準局補償課,業務統計,年,登録あり,〇,-,作成機関情報,https://www.e-stat.go.jp/statistics/00450571
00450572,過労死等の労災補償状況,厚生労働省,労働基準局補償課,業務統計,年,登録あり,〇,-,作成機関情報,https://www.e-stat.go.jp/statistics/00450572
00450581,労災保険事業月報,厚生労働省,労働基準局労災保険業務課,業務統計,月,登録あり,〇,-,作成機関情報,https://www.e-stat.go.jp/statistics/00450581
00450582,労働者災害補償保険事業年報,厚生労働省,労働基準局労災保険業務課,業務統計,年,登録あり,〇,-,作成機関情報,https://www.e-stat.go.jp/statistics/00450582
00450591,障害者雇用状況,厚生労働省,職業安定局障害者雇用対策課,業務統計,年,-,-,-,-,
00450592,障害者職業紹介状況,厚生労働省,職業安定局障害者雇用対策課,業務統計,年,登録あり,〇,-,作成機関情報,https://www.e-stat.go.jp/statistics/00450592
00450601,労働者派遣事業報告書の集計結果,厚生労働省,職業安定局需給調整事業課,業務統計,年,-,-,-,-,
00450602,職業紹介事業報告書の集計結果,厚生労働省,職業安定局需給調整事業課,業務統計,年,-,-,-,-,
00450603,特定募集情報等提供事業概況報告書の集計結果,厚生労働省,職業安定局需給調整事業課,業務統計,年,-,-,-,-,
00450621,高年齢者の雇用状況等,厚生労働省,職業安定局高齢者雇用対策課,業務統計,年,-,-,-,-,
00450631,「技能検定」の実施状況まとめ,厚生労働省,,業務統計,年,登録あり,〇,-,作成機関情報,https://www.e-stat.go.jp/statistics/00450631
00450632,「若年技能者人材育成支援等事業」に係るものづくりマイスター認定状況,厚生労働省,,業務統計,年５回,登録あり,〇,-,作成機関情報,https://www.e-stat.go.jp/statistics/00450632
00450643,ハロートレーニング（公共職業訓練）の実施状況,厚生労働省,,業務統計,年,登録あり,〇,-,作成機関情報,https://www.e-stat.go.jp/statistics/00450643
00450701,次世代育成支援対策推進法に基づく一般事業主行動計画策定届の届出及び認定状況,厚生労働省,雇用環境・均等局職業生活両立課,業務統計,四半期,-,-,-,-,
00450711,使用者による障害者虐待の状況等,厚生労働省,雇用環境・均等局総務課,業務統計,年,-,-,-,-,
00450712,個別労働紛争解決制度施行状況,厚生労働省,雇用環境・均等局総務課,業務統計,年,-,-,-,-,
00450713,フリーランスの業務及び就業環境に関する実態調査,厚生労働省,,一般統計,１回限り,登録あり,〇,-,作成機関情報,https://www.e-stat.go.jp/statistics/00450713
00450714,勤務間インターバル制度に関する実態調査,厚生労働省,,一般統計,１回限り,登録あり,〇,-,作成機関情報,https://www.e-stat.go.jp/statistics/00450714
00450731,特定健診・特定保健指導の実施状況,厚生労働省,,業務統計,年,-,-,-,-,
00450741,厚生年金基金の財政状況等,厚生労働省,年金局企業年金・個人年金課,業務統計,年,登録あり,〇,-,作成機関情報,https://www.e-stat.go.jp/statistics/00450741
00450742,厚生年金基金の解散・代行返上の状況,厚生労働省,年金局企業年金・個人年金課,業務統計,不定期,登録あり,〇,-,作成機関情報,https://www.e-stat.go.jp/statistics/00450742
00450743,厚生年金基金等の未請求者の状況,厚生労働省,年金局企業年金・個人年金課,業務統計,年,登録あり,〇,-,作成機関情報,https://www.e-stat.go.jp/statistics/00450743
00450744,国民年金基金等の未請求者の状況,厚生労働省,年金局企業年金・個人年金課,業務統計,年,登録あり,〇,-,作成機関情報,https://www.e-stat.go.jp/statistics/00450744
00450745,確定拠出年金の施行状況,厚生労働省,年金局企業年金・個人年金課,業務統計,月,登録あり,〇,-,作成機関情報,https://www.e-stat.go.jp/statistics/00450745
00450746,企業型年金の運用実態について,厚生労働省,年金局企業年金・個人年金課,業務統計,月,登録あり,〇,-,作成機関情報,https://www.e-stat.go.jp/statistics/00450746
00450747,規約数等の推移,厚生労働省,年金局企業年金・個人年金課,業務統計,年,登録あり,〇,-,作成機関情報,https://www.e-stat.go.jp/statistics/00450747
00450748,確定給付企業年金の事業状況等,厚生労働省,年金局企業年金・個人年金課,業務統計,年,登録あり,〇,-,作成機関情報,https://www.e-stat.go.jp/statistics/00450748
00450749,厚生年金基金資産運用業務報告書,厚生労働省,年金局企業年金・個人年金課,業務統計,年,登録あり,〇,-,作成機関情報,https://www.e-stat.go.jp/statistics/00450749
00450751,年金記録に係る訂正請求の受付・処理状況,厚生労働省,年金局事業管理課年金記録審査室,業務統計,月,登録あり,〇,-,作成機関情報,https://www.e-stat.go.jp/statistics/00450751
00450771,民間主要企業夏季一時金妥結状況,厚生労働省,,業務統計,年,-,-,-,-,
00450772,民間主要企業春季賃上げ要求・妥結状況,厚生労働省,,業務統計,年,-,-,-,-,
00450773,民間主要企業年末一時金妥結状況,厚生労働省,,業務統計,年,-,-,-,-,
00450801,かかりつけ歯科医機能の在り方に関する調査,厚生労働省,保険局医療課,一般統計,１回限り,-,-,-,-,
00452001,賃金事情等総合調査,,事務局総務課広報調査室,業務統計,年、２年,登録あり,〇,○,作成機関情報,https://www.e-stat.go.jp/statistics/00452001
00500000,産業連関構造調査,農林水産省,大臣官房統計部統計企画管理官,一般統計,５年,登録あり,〇,○,作成機関情報,https://www.e-stat.go.jp/statistics/00500000
00500001,農業・食料関連産業の経済計算,農林水産省,大臣官房統計部統計企画管理官,加工統計,年,登録あり,〇,○,作成機関情報,https://www.e-stat.go.jp/statistics/00500001
00500002,農林漁業及び関連産業を中心とした産業連関表（飲食費のフローを含む。）,農林水産省,統計部統計企画管理官,加工統計,５年,登録あり,〇,○,作成機関情報,https://www.e-stat.go.jp/statistics/00500002
00500100,農林水産物輸出入統計,農林水産省,輸出・国際局国際経済課,加工統計,月、年,登録あり,〇,○,作成機関情報,https://www.e-stat.go.jp/statistics/00500100
00500200,農林水産業生産指数,農林水産省,大臣官房統計部統計企画管理官,加工統計,年,-,-,-,-,
00500201,農業経営統計調査,農林水産省,大臣官房統計部経営・構造統計課,基幹統計,年,登録あり,〇,○,作成機関情報,https://www.e-stat.go.jp/statistics/00500201
00500202,林業経営統計調査,農林水産省,大臣官房統計部経営・構造統計課,一般統計,５年,登録あり,〇,○,作成機関情報,https://www.e-stat.go.jp/statistics/00500202
00500203,漁業経営統計調査,農林水産省,大臣官房統計部経営・構造統計課,一般統計,年,登録あり,〇,○,作成機関情報,https://www.e-stat.go.jp/statistics/00500203
00500204,農業物価統計調査,農林水産省,大臣官房統計部経営・構造統計課,一般統計,月、年,登録あり,〇,○,作成機関情報,https://www.e-stat.go.jp/statistics/00500204
00500205,環境保全型農業推進農家の経営分析調査,農林水産省,大臣官房統計部経営・構造統計課,その他,１回限り,登録あり,〇,-,作成機関情報,https://www.e-stat.go.jp/statistics/00500205
00500206,生産農業所得統計,農林水産省,大臣官房統計部経営・構造統計課,加工統計,年,登録あり,〇,○,作成機関情報,https://www.e-stat.go.jp/statistics/00500206
00500207,林業産出額,農林水産省,大臣官房統計部経営・構造統計課,加工統計,年,登録あり,〇,-,作成機関情報,https://www.e-stat.go.jp/statistics/00500207
00500208,漁業産出額,農林水産省,大臣官房統計部経営・構造統計課,加工統計,年,登録あり,〇,○,作成機関情報,https://www.e-stat.go.jp/statistics/00500208
00500209,農林業センサス,農林水産省,,基幹統計,５年,登録あり,〇,○,作成機関情報,https://www.e-stat.go.jp/statistics/00500209
00500210,漁業センサス,農林水産省,,基幹統計,５年,登録あり,〇,○,作成機関情報,https://www.e-stat.go.jp/statistics/00500210
00500211,農業構造動態調査,農林水産省,,一般統計,年,登録あり,〇,○,作成機関情報,https://www.e-stat.go.jp/statistics/00500211
00500212,農林水産業新規就業者等調査,農林水産省,,その他,年,-,-,-,-,
00500213,漁業構造動態調査,農林水産省,,一般統計,年,登録あり,〇,○,作成機関情報,https://www.e-stat.go.jp/statistics/00500213
00500214,農道・林道整備状況調査,農林水産省,,その他,年,登録あり,〇,-,作成機関情報,https://www.e-stat.go.jp/statistics/00500214
00500215,作物統計調査,農林水産省,,基幹統計,年,登録あり,〇,○,作成機関情報,https://www.e-stat.go.jp/statistics/00500215
00500216,海面漁業生産統計調査,農林水産省,,基幹統計,年,登録あり,〇,○,作成機関情報,https://www.e-stat.go.jp/statistics/00500216
00500217,木材統計調査,農林水産省,,基幹統計,月、年,登録あり,〇,○,作成機関情報,https://www.e-stat.go.jp/statistics/00500217
00500218,遊漁採捕量調査,農林水産省,,その他,５年,登録あり,〇,-,作成機関情報,https://www.e-stat.go.jp/statistics/00500218
00500219,木材流通統計調査,農林水産省,,一般統計,月、５年,登録あり,〇,○,作成機関情報,https://www.e-stat.go.jp/statistics/00500219
00500220,内水面漁業生産統計調査,農林水産省,,一般統計,年,-,-,-,-,
00500221,特定作物統計調査,農林水産省,,一般統計,年,登録あり,〇,-,作成機関情報,https://www.e-stat.go.jp/statistics/00500221
00500222,畜産統計調査,農林水産省,大臣官房統計部生産流通消費統計,一般統計,,登録あり,〇,○,作成機関情報,
00500223,持続的生産環境に関する実態調査,農林水産省,,その他,年,-,-,-,-,
00500224,繭生産統計,農林水産省,,その他,年,登録あり,〇,-,作成機関情報,https://www.e-stat.go.jp/statistics/00500224
00500225,牛乳乳製品統計調査,農林水産省,,基幹統計,月、年,登録あり,〇,○,作成機関情報,https://www.e-stat.go.jp/statistics/00500225
00500226,青果物卸売市場調査,農林水産省,,一般統計,,登録あり,〇,○,作成機関情報,https://www.e-stat.go.jp/statistics/00500226
00500227,畜産物流通調査,農林水産省,,一般統計,日、月、年,登録あり,〇,○,作成機関情報,https://www.e-stat.go.jp/statistics/00500227
00500228,水産物流通調査,農林水産省,,一般統計,年,登録あり,〇,○,作成機関情報,https://www.e-stat.go.jp/statistics/00500228
00500229,花き卸売市場調査,農林水産省,,その他,月,登録あり,〇,-,作成機関情報,https://www.e-stat.go.jp/statistics/00500229
00500230,食品産業動向調査,農林水産省,,その他,年,登録あり,〇,-,作成機関情報,https://www.e-stat.go.jp/statistics/00500230
00500231,食品循環資源の再生利用等実態調査,農林水産省,,一般統計,５年,登録あり,〇,○,作成機関情報,https://www.e-stat.go.jp/statistics/00500231
00500232,食品流通段階別価格形成調査,農林水産省,,一般統計,５年,登録あり,〇,○,作成機関情報,https://www.e-stat.go.jp/statistics/00500232
00500233,食品流通構造調査,農林水産省,,その他,年,登録あり,〇,-,作成機関情報,https://www.e-stat.go.jp/statistics/00500233
00500234,農産物地産地消等実態調査,農林水産省,,一般統計,不定期,登録あり,〇,-,作成機関情報,https://www.e-stat.go.jp/statistics/00500234
00500235,生鮮野菜価格動向調査,農林水産省,,一般統計,四半期,登録あり,〇,○,作成機関情報,https://www.e-stat.go.jp/statistics/00500235
00500236,新規就農者調査,農林水産省,,一般統計,年,登録あり,〇,○,作成機関情報,https://www.e-stat.go.jp/statistics/00500236
00500237,新規就農者就業状態調査,農林水産省,,一般統計,５年,登録あり,〇,-,作成機関情報,https://www.e-stat.go.jp/statistics/00500237
00500238,集落営農実態調査,農林水産省,,一般統計,年,登録あり,〇,○,作成機関情報,https://www.e-stat.go.jp/statistics/00500238
00500239,集落営農実態調査（集落営農活動実態調査）,農林水産省,,一般統計,年,-,-,-,-,
00500240,農業資源調査,農林水産省,,一般統計,年,登録あり,〇,-,作成機関情報,https://www.e-stat.go.jp/statistics/00500240
00500241,食品産業活動実態調査,農林水産省,,一般統計,年、３年,登録あり,〇,-,作成機関情報,https://www.e-stat.go.jp/statistics/00500241
00500242,青果物・花き集出荷機構調査,農林水産省,,一般統計,５年,登録あり,〇,-,作成機関情報,https://www.e-stat.go.jp/statistics/00500242
00500243,農業農村地域資源・環境総合調査,農林水産省,,その他,年,登録あり,〇,-,作成機関情報,https://www.e-stat.go.jp/statistics/00500243
00500244,生産者の米穀在庫等調査,農林水産省,大臣官房統計部経営・構造統計課,一般統計,年２回、年,登録あり,〇,○,作成機関情報,https://www.e-stat.go.jp/statistics/00500244
00500245,なたね、そば等生産費調査,農林水産省,大臣官房統計部経営・構造統計課,一般統計,年,-,-,-,-,
00500246,農道整備状況調査,農林水産省,,一般統計,年,登録あり,〇,○,作成機関情報,https://www.e-stat.go.jp/statistics/00500246
00500247,６次産業化総合調査,農林水産省,,一般統計,年,登録あり,〇,○,作成機関情報,https://www.e-stat.go.jp/statistics/00500247
00500248,野生鳥獣資源利用実態調査,農林水産省,,一般統計,毎年（予定）,登録あり,〇,○,作成機関情報,https://www.e-stat.go.jp/statistics/00500248
00500249,市町村別農業産出額（推計）,農林水産省,大臣官房統計部経営・構造統計課,加工統計,年,登録あり,〇,○,作成機関情報,https://www.e-stat.go.jp/statistics/00500249
00500250,食料・農林水産業・農山漁村に関する意識・意向調査,農林水産省,大臣官房統計部統計企画管理官,その他,不定期,登録あり,〇,-,作成機関情報,https://www.e-stat.go.jp/statistics/00500250
00500300,食料需給表,農林水産省,大臣官房政策課食料安全保障室,加工統計,年,登録あり,〇,○,作成機関情報,https://www.e-stat.go.jp/statistics/00500300
00500301,容器包装利用・製造等実態調査,農林水産省,,一般統計,年,登録あり,〇,○,作成機関情報,https://www.e-stat.go.jp/statistics/00500301
00500302,食品産業企業設備投資動向調査,農林水産省,食料産業局企画課,一般統計,年,登録あり,〇,○,作成機関情報,https://www.e-stat.go.jp/statistics/00500302
00500303,食料品生産実態調査,農林水産省,新事業・⾷品産業部食品製造課,その他,,登録あり,〇,-,作成機関情報,https://www.e-stat.go.jp/statistics/00500303
00500304,油糧生産実績調査,農林水産省,,一般統計,月,登録あり,〇,○,作成機関情報,https://www.e-stat.go.jp/statistics/00500304
00500305,米麦の出荷等に関する基本調査,農林水産省,政策統括官付農産企画課,その他,年,-,-,-,-,
00500306,米穀の流通・消費等動態調査,農林水産省,政策統括官付農産企画課,その他,月、年,登録あり,〇,-,作成機関情報,https://www.e-stat.go.jp/statistics/00500306
00500307,米麦加工食品生産動態等統計調査,農林水産省,大臣官房政策課食料安全保障室,その他,月、年,登録あり,〇,-,作成機関情報,https://www.e-stat.go.jp/statistics/00500307
00500308,製粉及び精麦工場経営概況調査,農林水産省,政策統括官付貿易業務課,その他,月、年,-,-,-,-,
00500309,外食産業に関する基本調査,農林水産省,新事業・⾷品産業部外⾷・⾷⽂化課,その他,年,-,-,-,-,
00500310,食糧統計年報,農林水産省,政策統括官付農産企画課,業務統計,年,登録あり,〇,-,作成機関情報,https://www.e-stat.go.jp/statistics/00500310
00500311,食品製造業におけるHACCPに沿った衛生管理の導入状況実態調査,農林水産省,,一般統計,年,登録あり,〇,○,作成機関情報,https://www.e-stat.go.jp/statistics/00500311
00500400,動物検疫統計,農林水産省,動物検疫所企画管理部調査課,業務統計,月、年,登録あり,〇,-,作成機関情報,https://www.e-stat.go.jp/statistics/00500400
00500500,土壌改良資材の農業用払出量調査,農林水産省,,一般統計,年、２年,登録あり,〇,○,作成機関情報,https://www.e-stat.go.jp/statistics/00500500
00500501,地域特産野菜生産状況調査,農林水産省,,一般統計,２年,登録あり,〇,○,作成機関情報,https://www.e-stat.go.jp/statistics/00500501
00500502,園芸用施設及び農業用廃プラスチックに関する調査,農林水産省,,業務統計,２年,登録あり,〇,-,作成機関情報,https://www.e-stat.go.jp/statistics/00500502
00500503,特産果樹生産動態等調査,農林水産省,農産局果樹・茶グループ,業務統計,年,登録あり,〇,○,作成機関情報,https://www.e-stat.go.jp/statistics/00500503
00500504,蚕糸業需給動向調査,農林水産省,農産局地域作物課,その他,隔月,登録あり,〇,-,作成機関情報,https://www.e-stat.go.jp/statistics/00500504
00500505,特産農作物の生産実績調査,農林水産省,農産局地域作物課,その他,年,登録あり,〇,-,作成機関情報,https://www.e-stat.go.jp/statistics/00500505
00500506,蚕業に関する調査,農林水産省,農産局地域作物課,その他,年,登録あり,〇,-,作成機関情報,https://www.e-stat.go.jp/statistics/00500506
00500507,飼料需給表,農林水産省,畜産局飼料課,加工統計,年,-,-,-,-,
00500508,牛乳乳製品の生産動向,農林水産省,畜産局牛乳乳製品課,加工統計,月,登録あり,〇,○,作成機関情報,https://www.e-stat.go.jp/statistics/00500508
00500509,チーズの需給表,農林水産省,畜産局牛乳乳製品課,加工統計,年,登録あり,〇,○,作成機関情報,https://www.e-stat.go.jp/statistics/00500509
00500510,花木等生産状況調査,農林水産省,,一般統計,年,登録あり,〇,○,作成機関情報,https://www.e-stat.go.jp/statistics/00500510
00500600,農業経営改善計画の営農類型別認定状況,農林水産省,経営局経営政策課,業務統計,年,登録あり,〇,○,作成機関情報,https://www.e-stat.go.jp/statistics/00500600
00500601,土地管理情報収集分析調査,農林水産省,経営局農地政策課,その他,年,登録あり,〇,-,作成機関情報,https://www.e-stat.go.jp/statistics/00500601
00500602,農業協同組合及び同連合会一斉調査,農林水産省,,一般統計,年、２年,登録あり,〇,○,作成機関情報,https://www.e-stat.go.jp/statistics/00500602
00500603,農業協同組合等現在数統計,農林水産省,経営局協同組織課,業務統計,年,登録あり,〇,○,作成機関情報,https://www.e-stat.go.jp/statistics/00500603
00500604,農作物共済統計表,農林水産省,経営局保険課,業務統計,年,登録あり,〇,○,作成機関情報,https://www.e-stat.go.jp/statistics/00500604
00500605,家畜共済統計表,農林水産省,経営局保険課,業務統計,年,登録あり,〇,○,作成機関情報,https://www.e-stat.go.jp/statistics/00500605
00500606,果樹共済統計表,農林水産省,経営局保険課,業務統計,年,登録あり,〇,○,作成機関情報,https://www.e-stat.go.jp/statistics/00500606
00500607,畑作物共済統計表,農林水産省,経営局保険課,業務統計,年,登録あり,〇,○,作成機関情報,https://www.e-stat.go.jp/statistics/00500607
00500608,園芸施設共済統計表,農林水産省,経営局保険課,業務統計,年,登録あり,〇,○,作成機関情報,https://www.e-stat.go.jp/statistics/00500608
00500609,農地の権利移動・借賃等調査,農林水産省,経営局農地政策課,業務統計,年,登録あり,〇,○,作成機関情報,https://www.e-stat.go.jp/statistics/00500609
00500700,農村地域工業等導入基本方針策定等調査,農林水産省,農村振興局農村政策部農村計画課,その他,５年,-,-,-,-,
00500701,中山間地域等直接支払制度の実施状況,農林水産省,,業務統計,年,登録あり,〇,○,作成機関情報,https://www.e-stat.go.jp/statistics/00500701
00500702,農村地域工業等導入地区管理基本調査,農林水産省,農村振興局農村政策部農村計画課,その他,年,-,-,-,-,
00500800,農林水産関係試験研究機関基礎調査,農林水産省,,業務統計,年,登録あり,〇,○,作成機関情報,https://www.e-stat.go.jp/statistics/00500800
00500900,農林漁業体験学習の取組（教育ファーム）実態調査,農林水産省,新事業・⾷品産業部外⾷・⾷⽂化課,一般統計,年,登録あり,〇,-,作成機関情報,https://www.e-stat.go.jp/statistics/00500900
00500902,愛玩動物看護師就職状況等調査,農林水産省,消費・安全局畜水産安全管理課,一般統計,年,登録あり,〇,○,作成機関情報,https://www.e-stat.go.jp/statistics/00500902
00500903,家畜排せつ物管理方法等実態調査,農林水産省,,一般統計,５年,登録あり,〇,-,作成機関情報,https://www.e-stat.go.jp/statistics/00500903
00500904,食品廃棄物等多量発生事業者定期報告,農林水産省,,業務統計,年,-,-,-,-,
00500905,作物統計調査試行調査,農林水産省,,一般統計,単年度,-,-,-,-,
00500906,食品産業における環境、社会への配慮に係る取組等に関するアンケート調査,農林水産省,大臣官房新事業・食品産業部新事,その他,毎年（2030年,-,-,-,-,
00500907,獣医学生就職状況調査,農林水産省,消費・安全局畜水産安全管理課,一般統計,毎年,-,-,-,-,
00501000,木材需給表,林野庁,林政部企画課,加工統計,年,登録あり,〇,○,作成機関情報,https://www.e-stat.go.jp/statistics/00501000
00501001,森林組合一斉調査,林野庁,,一般統計,年,登録あり,〇,○,作成機関情報,https://www.e-stat.go.jp/statistics/00501001
00501002,森林づくり活動についての実態調査,林野庁,森林整備部森林利用課,一般統計,３年,登録あり,〇,-,作成機関情報,https://www.e-stat.go.jp/statistics/00501002
00501003,緑化樹木の生産状況調査,林野庁,森林整備部整備課,その他,年,登録あり,〇,-,作成機関情報,https://www.e-stat.go.jp/statistics/00501003
00501004,特用林産物生産統計調査,林野庁,,一般統計,年,登録あり,〇,○,作成機関情報,https://www.e-stat.go.jp/statistics/00501004
00501005,国有林野事業統計書,林野庁,国有林野部経営企画課,業務統計,年,登録あり,〇,○,作成機関情報,https://www.e-stat.go.jp/statistics/00501005
00501006,森林国営保険事業統計書,林野庁,森林整備部計画課,業務統計,年,登録あり,〇,-,作成機関情報,https://www.e-stat.go.jp/statistics/00501006
00501007,森林資源の現況,林野庁,森林整備部計画課,業務統計,５年,登録あり,〇,○,作成機関情報,https://www.e-stat.go.jp/statistics/00501007
00501008,木質バイオマスエネルギー利用動向調査,林野庁,,一般統計,年,登録あり,〇,○,作成機関情報,https://www.e-stat.go.jp/statistics/00501008
00501009,森林病害虫被害量,林野庁,研究指導課,業務統計,年,登録あり,〇,○,作成機関情報,https://www.e-stat.go.jp/statistics/00501009
00502000,都道府県知事認可漁業協同組合の職員に関する一斉調査,水産庁,,一般統計,２年,登録あり,〇,○,作成機関情報,https://www.e-stat.go.jp/statistics/00502000
00502001,水産加工業経営実態調査,水産庁,,一般統計,５年,登録あり,〇,○,作成機関情報,https://www.e-stat.go.jp/statistics/00502001
00502002,遊漁採捕量調査,水産庁,資源管理部管理調整課,一般統計,不定期,登録あり,〇,-,作成機関情報,https://www.e-stat.go.jp/statistics/00502002
00502003,水産業協同組合年次報告,水産庁,漁政部水産経営課,業務統計,年,登録あり,〇,○,作成機関情報,https://www.e-stat.go.jp/statistics/00502003
00502004,水産業協同組合統計表,水産庁,漁政部水産経営課,業務統計,年,-,-,-,-,
00502005,水産物流通調査,水産庁,,一般統計,月、年,登録あり,〇,-,作成機関情報,https://www.e-stat.go.jp/statistics/00502005
00550004,経済構造実態調査,経済産業省,,基幹統計,年,-,-,-,-,
00550005,経済センサス-活動調査,経済産業省,,基幹統計,５年,登録あり,〇,-,作成機関情報,https://www.e-stat.go.jp/statistics/00550005
00550010,工業統計調査,経済産業省,,基幹統計,年,登録あり,〇,○,作成機関情報,https://www.e-stat.go.jp/statistics/00550010
00550020,商業統計調査,経済産業省,,基幹統計,５年,登録あり,〇,○,作成機関情報,https://www.e-stat.go.jp/statistics/00550020
00550025,消費者向け電子商取引実態調査,経済産業省,,一般統計,未定,登録あり,〇,-,作成機関情報,https://www.e-stat.go.jp/statistics/00550025
00550030,商業動態統計調査,経済産業省,,基幹統計,月,登録あり,〇,○,作成機関情報,https://www.e-stat.go.jp/statistics/00550030
00550035,専門量販店販売統計調査,経済産業省,,一般統計,月,登録あり,〇,○,作成機関情報,https://www.e-stat.go.jp/statistics/00550035
00550036,ビッグデータを活用した商業動態統計調査（試験調査：家電大型専門店分野）,経済産業省,動態統計室,一般統計,１回限り,,,-,作成機関情報,https://www.e-stat.go.jp/statistics/00550036
00550040,特定サービス産業実態調査,経済産業省,,基幹統計,年,登録あり,〇,○,作成機関情報,https://www.e-stat.go.jp/statistics/00550040
00550050,特定サービス産業動態統計調査,経済産業省,,一般統計,月,登録あり,〇,○,作成機関情報,https://www.e-stat.go.jp/statistics/00550050
00550051,特定サービス産業動態売上高指数,経済産業省,,加工統計,月,登録あり,〇,○,作成機関情報,https://www.e-stat.go.jp/statistics/00550051
00550060,本邦鉱業のすう勢調査,経済産業省,,その他,５年,登録あり,〇,-,作成機関情報,https://www.e-stat.go.jp/statistics/00550060
00550070,特定機械設備統計調査,経済産業省,,その他,不定期,登録あり,〇,-,作成機関情報,https://www.e-stat.go.jp/statistics/00550070
00550080,シェアリングエコノミーに関する実態調査,経済産業省,,一般統計,年,登録あり,〇,-,作成機関情報,https://www.e-stat.go.jp/statistics/00550080
00550100,経済産業省企業活動基本調査,経済産業省,,基幹統計,年,登録あり,〇,○,作成機関情報,https://www.e-stat.go.jp/statistics/00550100
00550110,外資系企業動向調査,経済産業省,貿易経済協力局投資促進課,一般統計,年,登録あり,〇,○,作成機関情報,https://www.e-stat.go.jp/statistics/00550110
00550120,海外事業活動基本調査,経済産業省,,一般統計,年,登録あり,〇,-,作成機関情報,https://www.e-stat.go.jp/statistics/00550120
00550130,海外現地法人四半期調査,経済産業省,,一般統計,四半期,登録あり,〇,-,作成機関情報,https://www.e-stat.go.jp/statistics/00550130
00550140,商工業実態基本調査,経済産業省,,その他,５年,登録あり,〇,-,作成機関情報,https://www.e-stat.go.jp/statistics/00550140
00550150,情報通信業基本調査,経済産業省,,一般統計,年,-,-,-,-,
00550160,純粋持株会社実態調査,経済産業省,,一般統計,年,登録あり,〇,-,作成機関情報,https://www.e-stat.go.jp/statistics/00550160
00550200,経済産業省生産動態統計調査,経済産業省,,基幹統計,月,登録あり,〇,○,作成機関情報,https://www.e-stat.go.jp/statistics/00550200
00550210,経済産業省特定業種石油等消費動態統計調査,経済産業省,,基幹統計,月,登録あり,〇,○,作成機関情報,https://www.e-stat.go.jp/statistics/00550210
00550300,鉱工業生産・出荷・在庫指数,経済産業省,,基幹統計,月,登録あり,〇,○,作成機関情報,https://www.e-stat.go.jp/statistics/00550300
00550310,鉱工業出荷内訳表,経済産業省,,加工統計,月,登録あり,〇,-,作成機関情報,https://www.e-stat.go.jp/statistics/00550310
00550320,製造工業生産能力・稼働率指数,経済産業省,,基幹統計,月,登録あり,〇,○,作成機関情報,https://www.e-stat.go.jp/statistics/00550320
00550330,鉱工業総供給表,経済産業省,,加工統計,月,登録あり,〇,-,作成機関情報,https://www.e-stat.go.jp/statistics/00550330
00550333,鉱工業出荷内訳表・総供給表,経済産業省,,加工統計,月,登録あり,〇,-,作成機関情報,https://www.e-stat.go.jp/statistics/00550333
00550340,製造工業生産予測調査,経済産業省,,一般統計,月,-,-,-,-,
00550350,製造工業生産予測指数,経済産業省,,加工統計,月,登録あり,〇,-,作成機関情報,https://www.e-stat.go.jp/statistics/00550350
00550360,第3次産業活動指数,経済産業省,,加工統計,月,登録あり,〇,-,作成機関情報,https://www.e-stat.go.jp/statistics/00550360
00550370,第3次産業活動能力・稼働率指数,経済産業省,,加工統計,月,登録あり,〇,-,作成機関情報,https://www.e-stat.go.jp/statistics/00550370
00550380,全産業活動指数,経済産業省,,加工統計,月,登録あり,〇,-,作成機関情報,https://www.e-stat.go.jp/statistics/00550380
00550390,全産業供給指数,経済産業省,,加工統計,月,登録あり,〇,-,作成機関情報,https://www.e-stat.go.jp/statistics/00550390
00550400,産業連関構造調査（鉱工業投入調査）,経済産業省,,一般統計,５年,登録あり,〇,-,作成機関情報,https://www.e-stat.go.jp/statistics/00550400
00550410,商品流通調査,経済産業省,,一般統計,５年,登録あり,〇,-,作成機関情報,https://www.e-stat.go.jp/statistics/00550410
00550420,産業連関構造調査（資本財販売先調査）,経済産業省,,一般統計,５年,登録あり,〇,-,作成機関情報,https://www.e-stat.go.jp/statistics/00550420
00550425,延長産業連関表,経済産業省,,加工統計,年,登録あり,〇,-,作成機関情報,https://www.e-stat.go.jp/statistics/00550425
00550430,簡易延長産業連関表,経済産業省,,加工統計,年,登録あり,〇,-,作成機関情報,https://www.e-stat.go.jp/statistics/00550430
00550440,地域間産業連関表,経済産業省,,加工統計,５年,登録あり,〇,-,作成機関情報,https://www.e-stat.go.jp/statistics/00550440
00550460,国際産業連関表,経済産業省,,加工統計,不定期,登録あり,〇,-,作成機関情報,https://www.e-stat.go.jp/statistics/00550460
00550470,産業連関構造調査（商業マージン調査）産業連関構造調査（輸入品需要先調,経済産業省,,一般統計,５年,登録あり,〇,-,作成機関情報,https://www.e-stat.go.jp/statistics/00550470
00550480,査）,経済産業省,,一般統計,５年,登録あり,〇,-,作成機関情報,https://www.e-stat.go.jp/statistics/00550480
00550500,経済産業省企業金融調査,経済産業省,経済産業政策局産業資金課,一般統計,年,登録あり,〇,○,作成機関情報,https://www.e-stat.go.jp/statistics/00550500
00550510,工場立地動向調査,経済産業省,,一般統計,年,登録あり,〇,○,作成機関情報,https://www.e-stat.go.jp/statistics/00550510
00550520,公害防止設備投資調査,経済産業省,GXグループ環境管理推進室,一般統計,年,登録あり,〇,-,作成機関情報,https://www.e-stat.go.jp/statistics/00550520
00550530,リサイクル産業実態調査,経済産業省,GXグループ資源循環経済課,一般統計,１回限り,登録あり,〇,-,作成機関情報,https://www.e-stat.go.jp/statistics/00550530
00550540,容器包装利用・製造等実態調査,経済産業省,GXグループ資源循環経済課,一般統計,年,登録あり,〇,-,作成機関情報,https://www.e-stat.go.jp/statistics/00550540
00550550,鉄鋼需給動態統計調査,経済産業省,製造産業局金属課,一般統計,月,登録あり,〇,-,作成機関情報,https://www.e-stat.go.jp/statistics/00550550
00550560,鉄鋼生産内訳月報,経済産業省,製造産業局金属課,一般統計,月,登録あり,〇,○,作成機関情報,https://www.e-stat.go.jp/statistics/00550560
00550570,化学物質の製造・輸入量に関する実態調査,経済産業省,,一般統計,３年,登録あり,〇,-,作成機関情報,https://www.e-stat.go.jp/statistics/00550570
00550575,化学物質排出把握管理促進法施行状況調査,経済産業省,,一般統計,１回限り,登録あり,〇,-,作成機関情報,https://www.e-stat.go.jp/statistics/00550575
00550580,機能性化学品動向調査,経済産業省,製造産業局素材産業課,一般統計,四半期,登録あり,〇,○,作成機関情報,https://www.e-stat.go.jp/statistics/00550580
00550590,バイオ産業創造基礎調査,経済産業省,,一般統計,年,登録あり,〇,○,作成機関情報,https://www.e-stat.go.jp/statistics/00550590
00550600,砕石等動態統計調査,経済産業省,製造産業局素材産業課,一般統計,四半期,登録あり,〇,-,作成機関情報,https://www.e-stat.go.jp/statistics/00550600
00550605,砂利採取業務状況報告書集計,経済産業省,経済産業省製造産業局素材産業課,業務統計,年,登録あり,〇,-,作成機関情報,https://www.e-stat.go.jp/statistics/00550605
00550610,生コンクリート流通統計調査,経済産業省,製造産業局素材産業課,一般統計,四半期,登録あり,〇,-,作成機関情報,https://www.e-stat.go.jp/statistics/00550610
00550620,建設機械動向調査,経済産業省,製造産業局産業機械課,一般統計,２年,-,-,-,-,
00550630,金属加工統計調査,経済産業省,製造産業局素形材産業室,一般統計,月,登録あり,〇,-,作成機関情報,https://www.e-stat.go.jp/statistics/00550630
00550640,繊維流通統計調査,経済産業省,製造産業局生活製品課,一般統計,月,-,-,-,-,
00550650,革需給動態統計調査,経済産業省,製造産業局生活製品課,一般統計,月,登録あり,〇,-,作成機関情報,https://www.e-stat.go.jp/statistics/00550650
00550660,情報処理実態調査,経済産業省,商務情報政策局総務課,一般統計,年,登録あり,〇,-,作成機関情報,https://www.e-stat.go.jp/statistics/00550660
00550665,組込みソフトウェア産業実態調査,経済産業省,商務情報政策局情報処理振興課,一般統計,１回限り,-,-,-,-,
00550670,家庭電気製品の量販店販売統計調査,経済産業省,商務情報政策局情報通信機器課,一般統計,月,登録あり,〇,-,作成機関情報,https://www.e-stat.go.jp/statistics/00550670
00550680,中国地域専門量販店販売統計調査,経済産業省,,一般統計,月,登録あり,〇,-,作成機関情報,https://www.e-stat.go.jp/statistics/00550680
00550685,事業承継に関するアンケート調査,経済産業省,中国経済産業局産業部経営支援課,その他,,-,-,-,-,https://www.e-stat.go.jp/statistics/00550685
00550690,電気保安統計,経済産業省,,業務統計,年,登録あり,〇,-,作成機関情報,https://www.e-stat.go.jp/statistics/00550690
00550700,鉱山保安統計月報,経済産業省,,業務統計,月,登録あり,〇,-,作成機関情報,https://www.e-stat.go.jp/statistics/00550700
00550710,スポットＬＮＧ価格調査,経済産業省,商務・サービスG商品市場整備室,一般統計,月,登録あり,〇,-,作成機関情報,https://www.e-stat.go.jp/statistics/00550710
00551190,採石業者の業務の状況に関する報告書の集計結果,経済産業省,製造産業局鉱物課,業務統計,年,登録あり,〇,-,作成機関情報,https://www.e-stat.go.jp/statistics/00551190
00551005,エネルギー消費統計調査,,長官官房総務課戦略企画室,一般統計,年,登録あり,〇,○,作成機関情報,https://www.e-stat.go.jp/statistics/00551005
00551006,都道府県別エネルギー消費統計,,,加工統計,年次,登録あり,〇,-,作成機関情報,https://www.e-stat.go.jp/statistics/00551006
00551010,総合エネルギー統計,,長官官房総務課戦略企画室,加工統計,年,登録あり,〇,-,作成機関情報,https://www.e-stat.go.jp/statistics/00551010
00551011,総合エネルギー統計補足調査（電気事業者の発電量内訳等調査）,,長官官房総務課戦略企画室,一般統計,１年,登録あり,〇,-,作成機関情報,https://www.e-stat.go.jp/statistics/00551011
00551020,石油製品需給動態統計調査,,資源・燃料部政策課,基幹統計,月,登録あり,〇,○,作成機関情報,https://www.e-stat.go.jp/statistics/00551020
00551030,石油輸入調査,,資源・燃料部政策課,一般統計,月,登録あり,〇,-,作成機関情報,https://www.e-stat.go.jp/statistics/00551030
00551040,石油設備調査,,資源・燃料部政策課,一般統計,２年,登録あり,〇,○,作成機関情報,https://www.e-stat.go.jp/statistics/00551040
00551050,灯油及びプロパンガス消費実態調査,,資源・燃料部石油流通課,一般統計,２年,登録あり,〇,-,作成機関情報,https://www.e-stat.go.jp/statistics/00551050
00551060,埋蔵鉱量統計調査,,資源・燃料部鉱物資源課,基幹統計,５年,登録あり,〇,-,作成機関情報,https://www.e-stat.go.jp/statistics/00551060
00551070,非鉄金属等需給動態統計調査,,資源・燃料部鉱物資源課,一般統計,月,登録あり,〇,-,作成機関情報,https://www.e-stat.go.jp/statistics/00551070
00551080,貴金属流通統計調査,,資源・燃料部鉱物資源課,一般統計,月,登録あり,〇,-,作成機関情報,https://www.e-stat.go.jp/statistics/00551080
00551090,非鉄金属海外鉱等受入調査,,資源・燃料部鉱物資源課,一般統計,月,登録あり,〇,-,作成機関情報,https://www.e-stat.go.jp/statistics/00551090
00551100,レアメタル生産動態統計調査,,資源・燃料部鉱物資源課,一般統計,月,登録あり,〇,-,作成機関情報,https://www.e-stat.go.jp/statistics/00551100
00551110,電力需要調査,,電力・ガス事業部電力産業・市場室,一般統計,四半期,登録あり,〇,○,作成機関情報,https://www.e-stat.go.jp/statistics/00551110
00551120,電力調査統計,,電力・ガス事業部電力産業・市場室,業務統計,月,登録あり,〇,○,作成機関情報,https://www.e-stat.go.jp/statistics/00551120
00551125,電力の送受電に関する実績調査,,電力・ガス事業部電力産業・市場室,一般統計,年,-,-,-,-,
00551130,ガス事業生産動態統計調査,,電力・ガス事業部ガス市場整備室,基幹統計,月,登録あり,〇,○,作成機関情報,https://www.e-stat.go.jp/statistics/00551130
00551140,石油備蓄の現況,,資源・燃料部燃料供給基盤整備課,業務統計,月,登録あり,〇,-,作成機関情報,https://www.e-stat.go.jp/statistics/00551140
00551150,LPガス備蓄の現況,,,業務統計,月,登録あり,〇,-,作成機関情報,https://www.e-stat.go.jp/statistics/00551150
00551160,電気保安統計,,,業務統計,年,-,-,-,-,
00551170,鉱山保安統計月報,,,業務統計,月,-,-,-,-,
00551180,経済産業省特定業種石油等消費統計調査,,長官官房総務課戦略企画室,基幹統計,月,登録あり,〇,-,作成機関情報,https://www.e-stat.go.jp/statistics/00551180
00552010,知的財産活動調査,特許庁,総務部企画調査課,一般統計,年,登録あり,〇,○,作成機関情報,https://www.e-stat.go.jp/statistics/00552010
00552020,特許行政年次報告書（統計情報）,特許庁,総務部企画調査課,業務統計,年,登録あり,〇,○,作成機関情報,https://www.e-stat.go.jp/statistics/00552020
00552030,模倣被害実態調査,特許庁,総務部国際協力課,一般統計,年,登録あり,〇,-,作成機関情報,https://www.e-stat.go.jp/statistics/00552030
00552040,模倣品・海賊版対策の相談業務に関する年次報告,特許庁,総務部国際協力課,業務統計,１年,登録あり,〇,-,作成機関情報,https://www.e-stat.go.jp/statistics/00552040
00553005,経営環境実態調査,中小企業庁,事業環境部企画課調査室,一般統計,年,-,-,-,-,
00553010,中小企業実態基本調査,中小企業庁,事業環境部企画課調査室,一般統計,年,登録あり,〇,○,作成機関情報,https://www.e-stat.go.jp/statistics/00553010
00553020,下請中小企業短期動向調査,中小企業庁,事業環境部取引課,その他,月,登録あり,〇,-,作成機関情報,https://www.e-stat.go.jp/statistics/00553020
00553030,規模別製造工業生産指数,中小企業庁,事業環境部企画課調査室,加工統計,月,登録あり,〇,-,作成機関情報,https://www.e-stat.go.jp/statistics/00553030
00553040,中小企業の経営指標,中小企業庁,事業環境部企画課調査室,その他,年,登録あり,〇,-,作成機関情報,https://www.e-stat.go.jp/statistics/00553040
00553050,中小商業・サービス業設備投資動向調査,中小企業庁,事業環境部企画課調査室,その他,半年,登録あり,〇,-,作成機関情報,https://www.e-stat.go.jp/statistics/00553050
00553060,規模別輸出額・輸入額,中小企業庁,事業環境部企画課調査室,加工統計,月,登録あり,〇,-,作成機関情報,https://www.e-stat.go.jp/statistics/00553060
00553070,規模別国内企業物価指数,中小企業庁,事業環境部企画課調査室,加工統計,月,登録あり,〇,-,作成機関情報,https://www.e-stat.go.jp/statistics/00553070
00553100,中小企業の企業数・事業所数,中小企業庁,事業環境部企画課調査室,加工統計,２～５年,登録あり,〇,-,作成機関情報,https://www.e-stat.go.jp/statistics/00553100
00600010,建設副産物実態調査,国土交通省,,一般統計,１回限り,登録あり,〇,-,作成機関情報,https://www.e-stat.go.jp/statistics/00600010
00600020,大都市交通センサス,国土交通省,総合政策局交通政策課,一般統計,５年,登録あり,〇,-,作成機関情報,https://www.e-stat.go.jp/statistics/00600020
00600030,建設業構造実態調査,国土交通省,,一般統計,５年,登録あり,〇,-,作成機関情報,https://www.e-stat.go.jp/statistics/00600030
00600040,建設資材・労働力需要実態調査,国土交通省,,一般統計,２年,登録あり,〇,-,作成機関情報,https://www.e-stat.go.jp/statistics/00600040
00600050,建設労働需給調査,国土交通省,,一般統計,月,登録あり,〇,-,作成機関情報,https://www.e-stat.go.jp/statistics/00600050
00600060,主要建設資材需給・価格動向調査,国土交通省,,一般統計,月,登録あり,〇,-,作成機関情報,https://www.e-stat.go.jp/statistics/00600060
00600070,建設機械損料調査,国土交通省,,一般統計,２年,登録あり,〇,-,作成機関情報,https://www.e-stat.go.jp/statistics/00600070
00600080,建設機械動向調査,国土交通省,大臣官房技術調査課施工企画室,一般統計,２年,登録あり,〇,○,作成機関情報,https://www.e-stat.go.jp/statistics/00600080
00600090,リース・レンタル建設機械情勢調査,国土交通省,,一般統計,５年,登録あり,〇,-,作成機関情報,https://www.e-stat.go.jp/statistics/00600090
00600100,倉庫統計季報,国土交通省,,業務統計,四半期,登録あり,〇,-,作成機関情報,https://www.e-stat.go.jp/statistics/00600100
00600120,建築着工統計調査,国土交通省,,基幹統計,月,登録あり,〇,○,作成機関情報,https://www.e-stat.go.jp/statistics/00600120
00600130,建設工事受注動態統計調査,国土交通省,,基幹統計,月,登録あり,〇,○,作成機関情報,https://www.e-stat.go.jp/statistics/00600130
00600131,建設工事施工統計調査,国土交通省,,基幹統計,年,-,-,-,-,
00600140,建設関連業等の動態統計調査,国土交通省,,一般統計,月,登録あり,〇,○,作成機関情報,https://www.e-stat.go.jp/statistics/00600140
00600150,建設業活動実態調査,国土交通省,,一般統計,年,登録あり,〇,○,作成機関情報,https://www.e-stat.go.jp/statistics/00600150
00600160,建築物実態調査,国土交通省,,一般統計,年,登録あり,〇,-,作成機関情報,https://www.e-stat.go.jp/statistics/00600160
00600161,増改築・改装等調査,国土交通省,,一般統計,年,登録あり,〇,-,作成機関情報,https://www.e-stat.go.jp/statistics/00600161
00600170,住宅用地完成面積調査,国土交通省,,一般統計,年,登録あり,〇,-,作成機関情報,https://www.e-stat.go.jp/statistics/00600170
00600180,産業連関構造調査（土木工事間接工事費投入調査）,国土交通省,,一般統計,５年,登録あり,〇,-,作成機関情報,https://www.e-stat.go.jp/statistics/00600180
00600190,産業連関構造調査（独立行政法人等土木工事費投入調査）,国土交通省,,一般統計,５年,登録あり,〇,-,作成機関情報,https://www.e-stat.go.jp/statistics/00600190
00600200,産業連関構造調査（土木工事費投入調査）,国土交通省,,一般統計,５年,登録あり,〇,-,作成機関情報,https://www.e-stat.go.jp/statistics/00600200
00600210,産業連関構造調査（建築工事費投入調査）,国土交通省,,一般統計,５年,登録あり,〇,-,作成機関情報,https://www.e-stat.go.jp/statistics/00600210
00600220,産業連関構造調査（不動産業投入調査）,国土交通省,,一般統計,５年,登録あり,〇,-,作成機関情報,https://www.e-stat.go.jp/statistics/00600220
00600230,産業連関構造調査（公共事業工事費投入調査）,国土交通省,,一般統計,５年,登録あり,〇,-,作成機関情報,https://www.e-stat.go.jp/statistics/00600230
00600240,建築物滅失統計調査,国土交通省,,業務統計,月,登録あり,〇,-,作成機関情報,https://www.e-stat.go.jp/statistics/00600240
00600250,建設業務統計,国土交通省,,業務統計,年,-,-,-,-,
00600260,建設総合統計,国土交通省,,加工統計,月,登録あり,〇,○,作成機関情報,https://www.e-stat.go.jp/statistics/00600260
00600270,建設工事費デフレーター,国土交通省,,加工統計,月、年,登録あり,〇,○,作成機関情報,https://www.e-stat.go.jp/statistics/00600270
00600280,港湾調査,国土交通省,,基幹統計,月、年,登録あり,〇,○,作成機関情報,https://www.e-stat.go.jp/statistics/00600280
00600290,船舶船員統計調査,国土交通省,,その他,年,-,-,-,-,
00600300,造船造機統計調査,国土交通省,,基幹統計,月、四半期,登録あり,〇,○,作成機関情報,https://www.e-stat.go.jp/statistics/00600300
00600310,鉄道車両等生産動態統計調査,国土交通省,,基幹統計,月、四半期,登録あり,〇,○,作成機関情報,https://www.e-stat.go.jp/statistics/00600310
00600320,船員労働統計調査,国土交通省,総合政策局情報政策課交通経済統,基幹統計,年,登録あり,〇,○,作成機関情報,https://www.e-stat.go.jp/statistics/00600320
00600321,船員労働統計母集団等調査,国土交通省,,一般統計,１回限り,-,-,-,-,
00600330,自動車輸送統計調査,国土交通省,,基幹統計,月,登録あり,〇,○,作成機関情報,https://www.e-stat.go.jp/statistics/00600330
00600340,内航船舶輸送統計調査,国土交通省,,基幹統計,月、年,登録あり,〇,○,作成機関情報,https://www.e-stat.go.jp/statistics/00600340
00600341,内航船舶輸送統計母集団調査,国土交通省,,一般統計,５年,-,-,-,-,
00600350,鉄道輸送統計調査,国土交通省,,一般統計,月、年,登録あり,〇,○,作成機関情報,https://www.e-stat.go.jp/statistics/00600350
00600360,航空輸送統計調査,国土交通省,,一般統計,月,登録あり,〇,○,作成機関情報,https://www.e-stat.go.jp/statistics/00600360
00600370,自動車燃料消費量調査,国土交通省,,一般統計,月,登録あり,〇,○,作成機関情報,https://www.e-stat.go.jp/statistics/00600370
00600371,トラック輸送情報,国土交通省,,業務統計,月,登録あり,〇,○,作成機関情報,https://www.e-stat.go.jp/statistics/00600371
00600380,海難統計,国土交通省,,その他,年,-,-,-,-,
00600390,交通関連企業設備投資動向調査,国土交通省,総合政策局情報政策課,その他,年,-,-,-,-,
00600400,旅客県間流動調査,国土交通省,総合政策局情報政策課,一般統計,年,-,-,-,-,
00600410,産業連関構造調査（運輸関連事業投入調査）,国土交通省,総合政策局情報政策課,一般統計,５年,登録あり,〇,-,作成機関情報,https://www.e-stat.go.jp/statistics/00600410
00600420,産業連関構造調査（内航船舶品目別運賃収入調査）,国土交通省,総合政策局情報政策課,一般統計,５年,-,-,-,-,
00600430,産業連関構造調査（有料駐車場に関する投入調査）,国土交通省,総合政策局情報政策課,一般統計,５年,登録あり,〇,-,作成機関情報,https://www.e-stat.go.jp/statistics/00600430
00600440,産業連関構造調査（こん包業に関する投入調査）,国土交通省,総合政策局情報政策課,一般統計,５年,登録あり,〇,-,作成機関情報,https://www.e-stat.go.jp/statistics/00600440
00600450,産業連関構造調査（地方公共団体運輸関連施設投入調査）,国土交通省,総合政策局情報政策課,一般統計,５年,登録あり,〇,-,作成機関情報,https://www.e-stat.go.jp/statistics/00600450
00600460,貨物地域流動調査・旅客地域流動調査,国土交通省,総合政策局情報政策課,加工統計,年,登録あり,〇,-,作成機関情報,https://www.e-stat.go.jp/statistics/00600460
00600461,幹線旅客実態調査（幹線バス旅客流動実態調査）,国土交通省,総合政策局情報政策課,一般統計,５年,登録あり,〇,-,作成機関情報,https://www.e-stat.go.jp/statistics/00600461
00600462,幹線旅客流動実態調査（幹線フェリー・旅客船旅客流動実態調査）,国土交通省,総合政策局情報政策課,一般統計,５年,登録あり,〇,-,作成機関情報,https://www.e-stat.go.jp/statistics/00600462
00600465,全国幹線旅客純流動調査,国土交通省,総合政策局総務課（総合交通体系）,加工統計,５年,登録あり,〇,-,作成機関情報,https://www.e-stat.go.jp/statistics/00600465
00600466,ＦＦ－ＤＡＴＡ（訪日外国人流動データ）,国土交通省,総合政策局総務課（総合交通体系）,加工統計,1年,登録あり,〇,-,作成機関情報,https://www.e-stat.go.jp/statistics/00600466
00600470,法人土地・建物基本調査,国土交通省,不動産・建設経済局情報活用推進課,基幹統計,５年,登録あり,〇,○,作成機関情報,https://www.e-stat.go.jp/statistics/00600470
00600471,法人土地・建物基本調査令和３年予備調査,国土交通省,不動産・建設経済局情報活用推進課,一般統計,１回限り,-,-,-,-,
00600472,法人土地・建物基本調査令和８年予備調査,国土交通省,,一般統計,１回限り,-,-,-,-,
00600475,世帯土地統計,国土交通省,不動産・建設経済局情報活用推進課,加工統計,５年,登録あり,〇,○,作成機関情報,https://www.e-stat.go.jp/statistics/00600475
00600480,法人建物調査,国土交通省,不動産・建設経済局情報活用推進課,一般統計,５年,登録あり,〇,○,作成機関情報,https://www.e-stat.go.jp/statistics/00600480
00600490,土地保有移動調査,国土交通省,不動産・建設経済局情報活用推進課,一般統計,年,登録あり,〇,-,作成機関情報,https://www.e-stat.go.jp/statistics/00600490
00600500,企業の土地取得状況等に関する調査,国土交通省,不動産・建設経済局情報活用推進課,一般統計,年,登録あり,〇,○,作成機関情報,https://www.e-stat.go.jp/statistics/00600500
00600501,土地動態調査,国土交通省,不動産・建設経済局情報活用推進課,一般統計,年,登録あり,〇,-,作成機関情報,https://www.e-stat.go.jp/statistics/00600501
00600510,小規模事業所における工業用水需要実態調査,国土交通省,,一般統計,不定期,登録あり,〇,-,作成機関情報,https://www.e-stat.go.jp/statistics/00600510
00600520,東京都市圏物資流動調査,国土交通省,,一般統計,10年,登録あり,〇,-,作成機関情報,https://www.e-stat.go.jp/statistics/00600520
00600530,中京都市圏物資流動調査,国土交通省,,一般統計,10年,登録あり,〇,-,作成機関情報,https://www.e-stat.go.jp/statistics/00600530
00600540,近畿圏物資流動調査,国土交通省,,一般統計,10年,登録あり,〇,-,作成機関情報,https://www.e-stat.go.jp/statistics/00600540
00600545,全国都市交通特性調査,国土交通省,都市局都市計画課都市計画調査室,一般統計,５年,登録あり,〇,-,作成機関情報,https://www.e-stat.go.jp/statistics/00600545
00600550,東京都市圏パーソントリップ調査,国土交通省,,一般統計,10年,登録あり,〇,-,作成機関情報,https://www.e-stat.go.jp/statistics/00600550
00600560,中京都市圏パーソントリップ調査,国土交通省,,一般統計,10年,登録あり,〇,-,作成機関情報,https://www.e-stat.go.jp/statistics/00600560
00600570,近畿圏パーソントリップ調査,国土交通省,,一般統計,10年,登録あり,〇,-,作成機関情報,https://www.e-stat.go.jp/statistics/00600570
00600575,令和６年度活動調査試行調査,国土交通省,都市局都市計画課都市計画調査室,一般統計,１回限り,-,-,-,-,
00600580,全国道路・街路交通情勢調査,国土交通省,道路局企画課道路経済調査室,一般統計,５年,登録あり,〇,-,作成機関情報,https://www.e-stat.go.jp/statistics/00600580
00600590,水害統計調査,国土交通省,水管理・国土保全局河川計画課,一般統計,年,登録あり,〇,○,作成機関情報,https://www.e-stat.go.jp/statistics/00600590
00600610,道路統計調査,国土交通省,道路局企画課,業務統計,年,登録あり,〇,-,作成機関情報,https://www.e-stat.go.jp/statistics/00600610
00600620,全国貨物純流動調査,国土交通省,,一般統計,５年,登録あり,〇,-,作成機関情報,https://www.e-stat.go.jp/statistics/00600620
00600630,住宅市場動向調査,国土交通省,住宅局住宅政策課,一般統計,年,登録あり,〇,○,作成機関情報,https://www.e-stat.go.jp/statistics/00600630
00600640,空き家所有者実態調査,国土交通省,住宅局住宅政策課,一般統計,５年,登録あり,〇,○,作成機関情報,https://www.e-stat.go.jp/statistics/00600640
00600650,住生活総合調査,国土交通省,住宅局住宅政策課,一般統計,５年,登録あり,〇,○,作成機関情報,https://www.e-stat.go.jp/statistics/00600650
00600670,民間住宅ローンの実態に関する調査,国土交通省,住宅局住宅経済・法制課住宅金融室,一般統計,年,登録あり,〇,-,作成機関情報,https://www.e-stat.go.jp/statistics/00600670
00600680,鉄道統計年報,国土交通省,鉄道局総務課鉄道サービス政策室,業務統計,年,-,-,-,-,
00600690,幹線鉄道旅客流動実態調査,国土交通省,鉄道局参事官（新幹線建設）室,一般統計,５年,登録あり,〇,-,作成機関情報,https://www.e-stat.go.jp/statistics/00600690
00600700,自動車保有車両数,国土交通省,自動車局自動車情報課,業務統計,月,登録あり,〇,-,作成機関情報,https://www.e-stat.go.jp/statistics/00600700
00600710,自動車分解整備事業実態調査,国土交通省,自動車局整備課,一般統計,年,登録あり,〇,-,作成機関情報,https://www.e-stat.go.jp/statistics/00600710
00600720,外航船舶運航実績報告,国土交通省,海事局外航課,業務統計,年,-,-,-,-,
00600730,輸送実績報告書,国土交通省,海事局内航課,業務統計,年,登録あり,〇,-,作成機関情報,https://www.e-stat.go.jp/statistics/00600730
00600740,内航海運業事業概況報告書,国土交通省,海事局内航課,業務統計,年,-,-,-,-,
00600750,舶用工業統計,国土交通省,海事局船舶産業課,業務統計,月、年,登録あり,〇,-,作成機関情報,https://www.e-stat.go.jp/statistics/00600750
00600760,船員異動状況調査,国土交通省,海事局船員政策課,一般統計,年,登録あり,〇,-,作成機関情報,https://www.e-stat.go.jp/statistics/00600760
00600770,船員単位労働組合基本調査,国土交通省,海事局船員政策課,業務統計,２年,登録あり,〇,-,作成機関情報,https://www.e-stat.go.jp/statistics/00600770
00600780,全国輸出入コンテナ貨物流動調査,国土交通省,港湾局計画課企画室,一般統計,５年,登録あり,〇,-,作成機関情報,https://www.e-stat.go.jp/statistics/00600780
00600790,港湾施設現況調査,国土交通省,港湾局計画課企画室,その他,年,-,-,-,-,
00600800,航空旅客動態調査,国土交通省,航空局航空ネットワーク部空港計画,"２
一般統計 純","年及び全国幹線旅客
流動調査が実施され",登録あり,〇,-,作成機関情報,https://www.e-stat.go.jp/statistics/00600800
00600810,航空貨物動態調査,国土交通省,,一般統計,２年,登録あり,〇,-,作成機関情報,https://www.e-stat.go.jp/statistics/00600810
00600820,国際航空旅客動態調査,国土交通省,,一般統計,年,登録あり,〇,-,作成機関情報,https://www.e-stat.go.jp/statistics/00600820
00600830,国際航空貨物動態調査,国土交通省,,一般統計,２年,登録あり,〇,-,作成機関情報,https://www.e-stat.go.jp/statistics/00600830
00600840,北海道法人企業投資状況調査,国土交通省,北海道局参事官,一般統計,年,登録あり,〇,-,作成機関情報,https://www.e-stat.go.jp/statistics/00600840
00600850,公共測量実態調査,国土交通省,国土地理院企画部測量指導課,業務統計,不定期,登録あり,〇,-,作成機関情報,https://www.e-stat.go.jp/statistics/00600850
00600860,輸送指数,国土交通省,総合政策局情報政策課,加工統計,月,登録あり,〇,-,作成機関情報,https://www.e-stat.go.jp/statistics/00600860
00600870,建設投資見通し,国土交通省,,加工統計,年,登録あり,〇,○,作成機関情報,https://www.e-stat.go.jp/statistics/00600870
00600880,設備工事業に係る受注高調査,国土交通省,,加工統計,月,登録あり,〇,○,作成機関情報,https://www.e-stat.go.jp/statistics/00600880
00600890,マンション総合調査,国土交通省,,一般統計,５年,登録あり,〇,-,作成機関情報,https://www.e-stat.go.jp/statistics/00600890
00600900,建築物リフォーム・リニューアル調査,国土交通省,,一般統計,四半期,登録あり,〇,○,作成機関情報,https://www.e-stat.go.jp/statistics/00600900
00600910,災害統計,国土交通省,水管理・国土保全局防災課,業務統計,年,登録あり,〇,○,作成機関情報,https://www.e-stat.go.jp/statistics/00600910
00600920,建設部門分析用産業連関表,国土交通省,,加工統計,５年,登録あり,〇,-,作成機関情報,https://www.e-stat.go.jp/statistics/00600920
00600930,バルク貨物流動調査,国土交通省,港湾局計画課企画室,一般統計,５年,登録あり,〇,-,作成機関情報,https://www.e-stat.go.jp/statistics/00600930
00600940,建築物ストック統計,国土交通省,,加工統計,年,登録あり,〇,-,作成機関情報,https://www.e-stat.go.jp/statistics/00600940
00600950,建設部門地域間産業連関表,国土交通省,,加工統計,５年,登録あり,〇,-,作成機関情報,https://www.e-stat.go.jp/statistics/00600950
00600960,ユニットロード貨物流動調査,国土交通省,港湾局計画課企画室,一般統計,５年,登録あり,〇,-,作成機関情報,https://www.e-stat.go.jp/statistics/00600960
00600970,建設工事進捗率調査,国土交通省,,一般統計,１回限り,登録あり,〇,-,作成機関情報,https://www.e-stat.go.jp/statistics/00600970
00600980,土地保有・動態調査,国土交通省,,一般統計,年,登録あり,〇,-,作成機関情報,https://www.e-stat.go.jp/statistics/00600980
00600990,メッシュ別将来人口推計,国土交通省,国土政策局総合計画課,加工統計,,-,-,-,-,
00600994,令和7年度 伊勢湾におけるサーキュラーエコノミー港湾利用検討業務,国土交通省,中部地方整備局三河港湾事務所,その他,1回限り,-,-,-,-,
00600995,令和6年度伊勢湾・駿河湾コンテナ物流効率化検討業務,国土交通省,,その他,1回限り,-,-,-,-,
00600996,令和5年度三河港・衣浦港港湾物流機能強化検討業務,国土交通省,中部地方整備局三河港湾事務所,その他,1回限り,-,-,-,-,
00600997,恵庭市産業連関表作成に関する調査,国土交通省,,その他,年,-,-,-,-,
00600998,東北地方における観光分野のデジタル化取組状況の調査,国土交通省,東北運輸局観光部観光地域振興課,その他,１回限り,-,-,-,-,
00600999,洋上風力発電事業への事業者意向調査,国土交通省,,加工統計,不定期,-,-,-,-,
00601010,旅行・観光消費動向調査,観光庁,観光戦略課観光統計調査室,一般統計,四半期,登録あり,〇,○,作成機関情報,https://www.e-stat.go.jp/statistics/00601010
00601020,宿泊旅行統計調査,観光庁,観光戦略課観光統計調査室,一般統計,月,登録あり,〇,○,作成機関情報,https://www.e-stat.go.jp/statistics/00601020
00601030,訪日外国人消費動向調査,観光庁,観光戦略課観光統計調査室,一般統計,四半期,登録あり,〇,○,作成機関情報,https://www.e-stat.go.jp/statistics/00601030
00601040,観光地域経済調査,観光庁,観光戦略課観光統計調査室,一般統計,１回限り,登録あり,〇,○,作成機関情報,https://www.e-stat.go.jp/statistics/00601040
00601050,インバウンド消費動向調査,観光庁,観光庁観光戦略課観光統計調査室,業務統計,四半期,-,-,-,-,
00604010,海上保安統計年報,海上保安庁,総務部政務課,業務統計,年,登録あり,〇,-,作成機関情報,https://www.e-stat.go.jp/statistics/00604010
00650101,一般廃棄物処理事業実態調査,環境省,廃棄物適正処理推進課,業務統計,年,登録あり,〇,-,作成機関情報,https://www.e-stat.go.jp/statistics/00650101
00650102,産業廃棄物排出・処理状況調査,環境省,,一般統計,年,登録あり,〇,○,作成機関情報,https://www.e-stat.go.jp/statistics/00650102
00650103,自然公園等利用者数調,環境省,,一般統計,年,登録あり,〇,-,作成機関情報,https://www.e-stat.go.jp/statistics/00650103
00650104,エコツーリズムガイド等の国内実態調査,環境省,,一般統計,１回限り,登録あり,〇,-,作成機関情報,https://www.e-stat.go.jp/statistics/00650104
00650105,産業廃棄物処理業実態調査,環境省,,一般統計,－,登録あり,〇,-,作成機関情報,https://www.e-stat.go.jp/statistics/00650105
00650201,環境にやさしい企業行動調査,環境省,大臣官房環境経済課,一般統計,年,登録あり,〇,-,作成機関情報,https://www.e-stat.go.jp/statistics/00650201
00650202,大気汚染物質排出量総合調査,環境省,水・大気環境局大気環境課,一般統計,３年,登録あり,〇,○,作成機関情報,https://www.e-stat.go.jp/statistics/00650202
00650203,水質汚濁物質排出量総合調査,環境省,水・大気環境局水環境課,一般統計,２年,登録あり,〇,○,作成機関情報,https://www.e-stat.go.jp/statistics/00650203
00650204,環境経済観測調査,環境省,,一般統計,半年,登録あり,〇,○,作成機関情報,https://www.e-stat.go.jp/statistics/00650204
00650205,環境投資等実態調査,環境省,大臣官房環境経済課,一般統計,年,登録あり,〇,-,作成機関情報,https://www.e-stat.go.jp/statistics/00650205
00650301,振動規制法施行状況調査,環境省,,業務統計,年,登録あり,〇,-,作成機関情報,https://www.e-stat.go.jp/statistics/00650301
00650302,騒音規制法施行状況調査,環境省,,業務統計,年,登録あり,〇,○,作成機関情報,https://www.e-stat.go.jp/statistics/00650302
00650303,悪臭防止法施行状況調査,環境省,,業務統計,年,登録あり,〇,○,作成機関情報,https://www.e-stat.go.jp/statistics/00650303
00650304,水質汚濁防止法等の施行状況調査,環境省,水・大気環境局水環境課,業務統計,年,登録あり,〇,-,作成機関情報,https://www.e-stat.go.jp/statistics/00650304
00650305,大気汚染防止法施行状況調査,環境省,水・大気環境局大気環境課,業務統計,年,登録あり,〇,○,作成機関情報,https://www.e-stat.go.jp/statistics/00650305
00650401,家庭からの二酸化炭素排出量の推計に係る実態調査 試験調査,環境省,,一般統計,１回限り,登録あり,〇,○,作成機関情報,https://www.e-stat.go.jp/statistics/00650401
00650402,大気汚染に係る環境保健サーベイランス調査,環境省,,一般統計,年,登録あり,〇,○,作成機関情報,https://www.e-stat.go.jp/statistics/00650402
00650403,水銀大気排出実態調査,環境省,水・大気環境局大気環境課,一般統計,１回限り,登録あり,〇,-,作成機関情報,https://www.e-stat.go.jp/statistics/00650403
00650404,動物愛護管理基本指針フォローアップ等検討調査,環境省,自然環境局総務課動物愛護管理室,一般統計,１回限り,登録あり,〇,-,作成機関情報,https://www.e-stat.go.jp/statistics/00650404
00650405,食品廃棄物等の発生抑制及び再生利用の促進の取組に係る実態調査,環境省,環境再生・資源循環局 資源循環課,一般統計,年,登録あり,〇,○,作成機関情報,https://www.e-stat.go.jp/statistics/00650405
00650406,産業廃棄物等からの水銀回収等に関する調査,環境省,,一般統計,１回限り,登録あり,〇,-,作成機関情報,https://www.e-stat.go.jp/statistics/00650406
00650407,容器包装廃棄物の収集運搬・選別保管費用等に関するアンケート調査,環境省,環境再生・資源循環局資源循環課,一般統計,年,登録あり,〇,-,作成機関情報,https://www.e-stat.go.jp/statistics/00650407
00650408,家庭部門のCO2排出実態統計調査,環境省,,一般統計,年,登録あり,〇,○,作成機関情報,https://www.e-stat.go.jp/statistics/00650408
00650409,リサイクル産業実態調査,環境省,環境再生・資源循環局資源循環課,一般統計,１回限り,-,-,-,-,
00650410,ＰＣＢ廃棄物の実態把握,環境省,,その他,１回限り,-,-,-,-,
00650411,愛玩動物看護師就職状況等調査,環境省,,一般統計,年,登録あり,〇,-,作成機関情報,https://www.e-stat.go.jp/statistics/00650411
00650412,実験動物取扱いの実態に関する調査,環境省,,一般統計,１回限り,登録あり,〇,-,作成機関情報,https://www.e-stat.go.jp/statistics/00650412
00700001,駐留軍関係離職者帰すう状況調査,防衛省,地方協力局労務管理課,一般統計,年,登録あり,〇,○,作成機関情報,https://www.e-stat.go.jp/statistics/00700001
00700002,留学生受入実績,防衛省,防衛省人事教育局人材育成課,業務統計,年,登録あり,〇,-,作成機関情報,https://www.e-stat.go.jp/statistics/00700002
00700003,自衛官などの応募及び採用状況,防衛省,防衛省人事教育局人材育成課,業務統計,年,登録あり,〇,-,作成機関情報,https://www.e-stat.go.jp/statistics/00700003
00700004,自衛官の定員および現員,防衛省,防衛省人事教育局人材育成課,業務統計,年,登録あり,〇,-,作成機関情報,https://www.e-stat.go.jp/statistics/00700004
00700005,退職自衛官の地方公共団体の防災・危機管理部門における在職状況,防衛省,防衛省人事教育局人材育成課,業務統計,年,登録あり,〇,-,作成機関情報,https://www.e-stat.go.jp/statistics/00700005
00700006,防衛省と民間企業との間の人事交流に関する報告,防衛省,人事教育局人事計画・補任課,業務統計,年,登録あり,〇,-,作成機関情報,https://www.e-stat.go.jp/statistics/00700006
00700007,防衛省における女性職員に関する統計資料,防衛省,人事教育局人事計画・補任課,業務統計,年,登録あり,〇,-,作成機関情報,https://www.e-stat.go.jp/statistics/00700007
00700008,懲戒処分の状況について,防衛省,人事教育局服務管理官,業務統計,年,登録あり,〇,-,作成機関情報,https://www.e-stat.go.jp/statistics/00700008
00700009,自衛隊員の倫理に関する国会報告について,防衛省,人事教育局服務管理官,業務統計,年,登録あり,〇,-,作成機関情報,https://www.e-stat.go.jp/statistics/00700009
00700010,自衛隊施設（土地）の状況,防衛省,整備計画局施設整備官,業務統計,年,登録あり,〇,-,作成機関情報,https://www.e-stat.go.jp/statistics/00700010
00700011,在日米軍施設・区域の状況,防衛省,地方協力局総務課,業務統計,年２回,登録あり,〇,-,作成機関情報,https://www.e-stat.go.jp/statistics/00700011
00700012,急患輸送実績,防衛省,統合幕僚監部,業務統計,月、年,登録あり,〇,-,作成機関情報,https://www.e-stat.go.jp/statistics/00700012
00700013,緊急発進実施状況,防衛省,統合幕僚監部,業務統計,月、四半期,登録あり,〇,-,作成機関情報,https://www.e-stat.go.jp/statistics/00700013
00700014,災害派遣及び不発弾等処理実績,防衛省,統合幕僚監部,業務統計,年,登録あり,〇,-,作成機関情報,https://www.e-stat.go.jp/statistics/00700014
